Retailer_ID,Product_ID,Base_Price,Discount,Promotion_Type,Season,Ad_Spend,Previous_Sales,Sales_Lift
R1,P101,302,13,BOGO,Peak,3223,1169,16
R2,P102,635,11,Coupon,Peak,5522,4971,5
R3,P103,470,13,Coupon,Peak,4188,1242,28
R4,P104,306,22,BOGO,Peak,4237,1466,24
R5,P105,271,16,Discount,Peak,5136,807,9
R6,P106,900,12,Coupon,Holiday,1343,2638,10
R7,P107,220,12,Discount,Holiday,5704,3964,28
R8,P108,814,22,Coupon,Holiday,5823,609,15
R9,P109,321,24,Discount,Off-Season,5920,4132,12
R10,P110,666,19,Discount,Peak,4201,4935,11
R11,P111,414,11,Discount,Holiday,6471,2415,8
R12,P112,530,15,BOGO,Off-Season,1888,4763,10
R13,P113,658,24,Discount,Holiday,8127,1056,20
R14,P114,287,20,Discount,Holiday,4720,604,24
R15,P115,572,8,Discount,Peak,3883,2547,19
R16,P116,299,10,Coupon,Off-Season,5212,645,18
R17,P117,863,26,Discount,Peak,7961,3263,27
R18,P118,330,7,Coupon,Peak,3415,1373,16
R19,P119,861,13,Discount,Holiday,4001,798,16
R20,P120,508,14,Discount,Peak,2738,3738,20
R21,P121,969,18,BOGO,Off-Season,2364,1145,19
R22,P122,543,15,Coupon,Peak,3708,3578,17
R23,P123,691,22,Discount,Peak,1924,3011,15
R24,P124,613,26,Coupon,Peak,1151,1283,21
R25,P125,585,16,Coupon,Holiday,9777,870,25
R26,P126,391,27,Flash Sale,Off-Season,9044,986,19
R27,P127,476,16,BOGO,Holiday,1912,2537,18
R28,P128,360,17,BOGO,Holiday,3321,3696,14
R29,P129,659,29,BOGO,Holiday,1495,1860,16
R30,P130,513,17,Flash Sale,Holiday,3148,4787,20
R31,P131,221,23,Flash Sale,Holiday,1556,2761,19
R32,P132,452,23,BOGO,Off-Season,2552,3121,14
R33,P133,947,27,Flash Sale,Peak,3120,1456,8
R34,P134,760,18,Flash Sale,Holiday,4085,880,27
R35,P135,674,8,Flash Sale,Holiday,4504,4149,13
R36,P136,258,17,BOGO,Off-Season,1156,738,25
R37,P137,710,12,BOGO,Off-Season,9926,1605,24
R38,P138,881,27,BOGO,Peak,8505,1886,13
R39,P139,675,25,Flash Sale,Off-Season,8162,3052,25
R40,P140,899,27,BOGO,Peak,6523,2749,29
R41,P141,982,23,Flash Sale,Holiday,8543,2027,28
R42,P142,389,16,Discount,Holiday,9055,2167,24
R43,P143,886,22,Flash Sale,Peak,5654,4632,15
R44,P144,762,10,Coupon,Off-Season,7250,3191,15
R45,P145,766,22,BOGO,Peak,8246,4172,11
R46,P146,443,23,BOGO,Off-Season,1154,2496,25
R47,P147,704,26,Coupon,Holiday,8950,1925,14
R48,P148,330,9,Flash Sale,Off-Season,1996,3312,8
R49,P149,684,28,Discount,Peak,5626,3747,9
R50,P150,846,13,Coupon,Peak,3905,3092,9
R51,P151,220,7,Coupon,Holiday,1153,1990,15
R52,P152,366,14,Flash Sale,Off-Season,8853,1724,13
R53,P153,473,23,BOGO,Off-Season,7481,3087,20
R54,P154,587,7,Flash Sale,Off-Season,6599,3564,13
R55,P155,800,26,Coupon,Holiday,2716,1332,26
R56,P156,515,19,Coupon,Off-Season,1786,2940,8
R57,P157,213,5,BOGO,Peak,5368,2146,6
R58,P158,441,11,BOGO,Off-Season,9096,940,18
R59,P159,976,16,BOGO,Holiday,5272,2029,7
R60,P160,545,21,Flash Sale,Off-Season,4767,3465,22
R61,P161,764,25,BOGO,Off-Season,9834,2867,25
R62,P162,539,28,Coupon,Peak,6994,3786,10
R63,P163,291,24,Coupon,Off-Season,8216,4831,15
R64,P164,566,9,Discount,Peak,9857,1804,25
R65,P165,654,8,Flash Sale,Peak,4426,3534,22
R66,P166,627,16,Discount,Holiday,4783,4188,16
R67,P167,708,24,Coupon,Peak,6427,4473,9
R68,P168,975,28,Discount,Peak,8011,1685,13
R69,P169,234,22,Coupon,Holiday,9052,3762,24
R70,P170,405,21,Discount,Peak,4701,2607,22
R71,P171,280,23,BOGO,Holiday,3349,2340,23
R72,P172,761,13,Discount,Off-Season,8011,4820,7
R73,P173,587,8,BOGO,Holiday,8055,3247,13
R74,P174,201,25,BOGO,Peak,2212,4764,8
R75,P175,589,6,Flash Sale,Holiday,7965,3633,21
R76,P176,765,8,BOGO,Peak,7704,3920,21
R77,P177,305,6,BOGO,Off-Season,8433,1965,27
R78,P178,971,19,Discount,Holiday,3511,4609,27
R79,P179,676,6,Coupon,Off-Season,1143,2711,6
R80,P180,902,8,Flash Sale,Peak,8367,3304,13
R81,P181,601,10,BOGO,Peak,4228,2043,13
R82,P182,929,11,Flash Sale,Off-Season,5582,2189,9
R83,P183,755,14,Discount,Holiday,7031,2071,19
R84,P184,361,23,BOGO,Holiday,5243,3779,19
R85,P185,401,23,Discount,Peak,3713,4041,7
R86,P186,469,26,Flash Sale,Off-Season,5185,3523,23
R87,P187,470,16,Discount,Off-Season,8328,1318,7
R88,P188,655,7,Flash Sale,Holiday,5633,1624,10
R89,P189,661,17,Discount,Holiday,4192,1629,8
R90,P190,926,22,Flash Sale,Holiday,1300,2202,28
R91,P191,451,12,Coupon,Off-Season,1723,2501,17
R92,P192,901,25,Discount,Holiday,6694,4378,17
R93,P193,495,19,Discount,Holiday,4010,4872,15
R94,P194,924,5,Coupon,Peak,6555,2306,9
R95,P195,919,7,Coupon,Holiday,1067,3447,5
R96,P196,948,12,Discount,Holiday,3506,3709,13
R97,P197,537,8,Coupon,Off-Season,2537,2652,21
R98,P198,252,20,BOGO,Off-Season,1397,4705,26
R99,P199,991,27,Flash Sale,Peak,6680,1044,5
R100,P200,416,14,Flash Sale,Holiday,5825,2901,7
R101,P201,963,16,Flash Sale,Peak,9747,2864,19
R102,P202,387,18,BOGO,Off-Season,7048,1789,25
R103,P203,579,18,Coupon,Peak,4661,4265,27
R104,P204,692,6,Coupon,Off-Season,3941,2375,14
R105,P205,240,27,Discount,Peak,8067,4928,12
R106,P206,356,9,Coupon,Peak,6091,1282,16
R107,P207,214,9,Discount,Holiday,2601,1039,29
R108,P208,264,10,BOGO,Peak,2480,3282,26
R109,P209,720,17,Flash Sale,Holiday,7230,3168,19
R110,P210,543,13,Flash Sale,Holiday,4276,4437,13
R111,P211,328,26,Flash Sale,Holiday,7447,3456,28
R112,P212,847,19,Coupon,Holiday,6499,4222,29
R113,P213,671,18,Discount,Peak,7273,4367,14
R114,P214,262,28,Discount,Off-Season,2299,2333,24
R115,P215,338,11,BOGO,Off-Season,6818,2646,13
R116,P216,698,29,Coupon,Off-Season,7701,2670,19
R117,P217,792,24,BOGO,Peak,5994,3891,27
R118,P218,591,6,Discount,Holiday,8489,2116,25
R119,P219,874,11,Discount,Off-Season,9269,1416,25
R120,P220,618,10,Flash Sale,Peak,3831,3256,5
R121,P221,488,21,Coupon,Holiday,3721,2436,6
R122,P222,578,29,Discount,Off-Season,2532,4542,23
R123,P223,972,29,Flash Sale,Holiday,9429,3591,18
R124,P224,689,6,Coupon,Off-Season,6253,1468,12
R125,P225,430,7,BOGO,Off-Season,2996,3864,10
R126,P226,240,9,Coupon,Off-Season,6311,3703,16
R127,P227,227,9,Coupon,Holiday,1277,1389,19
R128,P228,334,5,Discount,Peak,4089,1292,18
R129,P229,400,12,Discount,Holiday,1523,3958,25
R130,P230,979,16,Coupon,Off-Season,5275,1481,5
R131,P231,232,28,Discount,Holiday,6365,4031,15
R132,P232,247,8,Discount,Peak,4122,4029,29
R133,P233,702,17,Discount,Holiday,9167,1301,7
R134,P234,606,27,Flash Sale,Peak,6190,542,23
R135,P235,773,19,Flash Sale,Peak,5575,3849,22
R136,P236,927,15,Coupon,Holiday,8727,2277,24
R137,P237,298,14,Discount,Off-Season,2797,3701,6
R138,P238,883,7,Flash Sale,Peak,3131,849,29
R139,P239,925,26,Coupon,Holiday,8322,2067,11
R140,P240,746,18,Discount,Peak,7500,1629,12
R141,P241,938,20,BOGO,Off-Season,1815,3459,23
R142,P242,812,14,Discount,Holiday,9634,4287,26
R143,P243,661,14,Discount,Holiday,7666,2280,19
R144,P244,842,16,Flash Sale,Holiday,1142,1083,14
R145,P245,968,13,Coupon,Off-Season,2410,3877,26
R146,P246,204,5,Coupon,Peak,1534,3901,5
R147,P247,417,9,Flash Sale,Holiday,4364,3685,10
R148,P248,702,24,Discount,Peak,2032,2694,17
R149,P249,966,12,BOGO,Peak,4342,1662,18
R150,P250,597,15,Discount,Off-Season,7085,798,7
R151,P251,994,16,Discount,Holiday,5500,3847,15
R152,P252,592,5,BOGO,Peak,2172,2439,7
R153,P253,406,29,Flash Sale,Holiday,5517,1288,23
R154,P254,214,26,Coupon,Holiday,9007,3389,14
R155,P255,753,24,Flash Sale,Off-Season,2641,1877,19
R156,P256,660,29,Flash Sale,Holiday,1471,2449,15
R157,P257,890,15,Discount,Holiday,3940,3772,19
R158,P258,774,9,Coupon,Peak,9738,1377,28
R159,P259,942,19,Coupon,Off-Season,5726,4242,17
R160,P260,440,9,Flash Sale,Holiday,8670,2077,9
R161,P261,763,16,BOGO,Peak,4723,3639,8
R162,P262,295,9,Flash Sale,Off-Season,1363,2992,17
R163,P263,933,21,BOGO,Off-Season,4309,3255,13
R164,P264,684,21,Coupon,Peak,1545,2403,29
R165,P265,606,28,Flash Sale,Peak,4240,1882,21
R166,P266,430,16,Discount,Peak,7665,4740,6
R167,P267,948,28,Flash Sale,Peak,2936,2822,28
R168,P268,854,19,Coupon,Peak,1882,3056,9
R169,P269,370,19,Discount,Holiday,4840,2361,20
R170,P270,740,10,Discount,Holiday,7923,2366,11
R171,P271,235,16,BOGO,Off-Season,5611,4547,5
R172,P272,724,24,Discount,Holiday,6204,3675,16
R173,P273,359,22,Discount,Holiday,8288,1598,25
R174,P274,898,18,Flash Sale,Holiday,4203,2234,15
R175,P275,442,6,Coupon,Peak,3244,3916,16
R176,P276,285,13,BOGO,Off-Season,1018,1180,23
R177,P277,995,9,Flash Sale,Off-Season,1641,2570,16
R178,P278,777,24,Discount,Off-Season,4083,2229,16
R179,P279,881,5,Discount,Off-Season,6200,2691,18
R180,P280,756,27,BOGO,Holiday,9521,1167,6
R181,P281,773,7,Coupon,Holiday,1865,2112,6
R182,P282,845,10,BOGO,Peak,1773,1180,29
R183,P283,995,9,Flash Sale,Off-Season,5732,1472,8
R184,P284,227,25,BOGO,Holiday,4518,3346,24
R185,P285,819,9,Discount,Holiday,7795,2632,27
R186,P286,755,5,Flash Sale,Peak,7984,2963,20
R187,P287,539,21,Discount,Peak,3567,3029,14
R188,P288,997,23,Coupon,Peak,2674,3003,17
R189,P289,530,18,Discount,Holiday,1739,4892,6
R190,P290,839,16,Discount,Holiday,2545,3683,7
R191,P291,705,14,BOGO,Peak,6127,4533,23
R192,P292,547,24,Discount,Off-Season,7947,3667,10
R193,P293,672,25,Flash Sale,Peak,7620,3497,23
R194,P294,430,22,Flash Sale,Peak,5555,3727,25
R195,P295,389,28,Coupon,Peak,6645,2652,24
R196,P296,424,15,Flash Sale,Peak,9943,2228,23
R197,P297,584,6,BOGO,Holiday,8124,2524,12
R198,P298,576,29,Coupon,Off-Season,4732,829,18
R199,P299,482,22,Flash Sale,Peak,3283,2986,14
R200,P300,832,29,BOGO,Off-Season,9669,1655,7
R201,P301,827,11,Flash Sale,Off-Season,7998,2390,10
R202,P302,944,28,Flash Sale,Off-Season,6413,4977,19
R203,P303,458,19,Discount,Peak,2269,2685,27
R204,P304,558,15,Flash Sale,Holiday,8868,2817,27
R205,P305,909,22,Flash Sale,Peak,3603,4121,22
R206,P306,655,27,BOGO,Off-Season,6961,4991,18
R207,P307,610,16,BOGO,Off-Season,9569,3011,23
R208,P308,848,10,Discount,Holiday,8557,949,14
R209,P309,517,24,Flash Sale,Peak,2680,1854,19
R210,P310,876,27,Discount,Off-Season,9433,1793,8
R211,P311,424,17,Flash Sale,Holiday,6682,2965,27
R212,P312,433,24,Coupon,Off-Season,9084,3602,6
R213,P313,883,20,Coupon,Holiday,6367,2349,7
R214,P314,863,22,Discount,Holiday,1069,3675,11
R215,P315,573,14,Discount,Peak,4924,4781,27
R216,P316,871,27,Discount,Off-Season,7200,3699,20
R217,P317,807,12,BOGO,Peak,3007,1733,14
R218,P318,671,22,BOGO,Off-Season,9992,1937,23
R219,P319,432,25,BOGO,Peak,9119,3852,21
R220,P320,891,5,Discount,Off-Season,3779,4530,23
R221,P321,312,27,Flash Sale,Peak,5920,752,9
R222,P322,696,12,Coupon,Holiday,1755,518,27
R223,P323,641,10,Discount,Off-Season,7495,3259,24
R224,P324,763,9,BOGO,Off-Season,6935,722,17
R225,P325,467,19,BOGO,Holiday,3330,502,17
R226,P326,709,26,Discount,Peak,6705,1759,15
R227,P327,585,19,Discount,Off-Season,9301,4823,15
R228,P328,586,6,BOGO,Off-Season,2016,3068,20
R229,P329,312,5,Flash Sale,Peak,8347,2385,19
R230,P330,812,27,BOGO,Holiday,9216,1799,21
R231,P331,824,27,BOGO,Peak,5938,2838,26
R232,P332,280,15,Discount,Peak,3838,1576,22
R233,P333,898,14,Flash Sale,Peak,1737,4258,23
R234,P334,312,22,BOGO,Off-Season,7200,3681,8
R235,P335,201,22,BOGO,Holiday,9371,1447,26
R236,P336,841,21,Coupon,Holiday,1231,4238,26
R237,P337,419,12,Discount,Peak,2917,3231,27
R238,P338,765,19,Coupon,Off-Season,9534,4507,9
R239,P339,935,12,Coupon,Peak,6918,1369,11
R240,P340,424,21,BOGO,Off-Season,3623,593,6
R241,P341,584,16,Discount,Off-Season,9646,3487,5
R242,P342,602,12,Flash Sale,Off-Season,7401,2275,16
R243,P343,837,29,BOGO,Off-Season,8072,2760,14
R244,P344,329,18,Flash Sale,Holiday,3276,935,12
R245,P345,252,8,Flash Sale,Off-Season,8393,4800,5
R246,P346,883,5,Discount,Off-Season,9787,3644,16
R247,P347,929,5,Coupon,Peak,4874,4087,6
R248,P348,871,23,Discount,Peak,5530,576,14
R249,P349,909,20,Flash Sale,Holiday,8164,1315,26
R250,P350,615,18,BOGO,Peak,5497,1267,21
R251,P351,446,25,Flash Sale,Off-Season,8933,4185,7
R252,P352,638,20,BOGO,Peak,3135,605,11
R253,P353,402,9,BOGO,Holiday,7727,4416,16
R254,P354,383,13,Discount,Peak,2565,3373,12
R255,P355,322,6,Flash Sale,Peak,1308,3846,24
R256,P356,600,22,Coupon,Holiday,9534,3648,16
R257,P357,966,10,Flash Sale,Holiday,9627,3648,7
R258,P358,493,13,Flash Sale,Off-Season,9368,1965,21
R259,P359,479,5,Coupon,Peak,1138,3087,13
R260,P360,809,13,Discount,Off-Season,1193,744,14
R261,P361,397,29,Flash Sale,Peak,4257,3125,26
R262,P362,710,20,Flash Sale,Peak,4235,4349,10
R263,P363,951,17,BOGO,Off-Season,1942,1905,29
R264,P364,343,13,Flash Sale,Peak,5620,1481,5
R265,P365,808,25,Coupon,Peak,6720,4308,26
R266,P366,400,17,BOGO,Peak,7353,641,16
R267,P367,323,13,Discount,Holiday,5957,1392,9
R268,P368,386,15,BOGO,Off-Season,4381,2899,17
R269,P369,525,8,Coupon,Holiday,6839,3460,19
R270,P370,663,6,Coupon,Off-Season,3880,2699,26
R271,P371,548,10,BOGO,Off-Season,5887,1969,15
R272,P372,970,18,Discount,Peak,1545,3200,12
R273,P373,859,8,BOGO,Off-Season,2927,3505,9
R274,P374,963,10,Discount,Holiday,5152,3874,6
R275,P375,602,23,BOGO,Holiday,1004,1155,16
R276,P376,545,10,Coupon,Holiday,6533,3268,6
R277,P377,710,6,Flash Sale,Off-Season,6378,542,20
R278,P378,346,22,Flash Sale,Holiday,7233,2811,25
R279,P379,347,17,Discount,Off-Season,3663,2160,7
R280,P380,910,13,Discount,Holiday,4326,2724,14
R281,P381,688,27,Discount,Holiday,4659,2610,23
R282,P382,839,23,Coupon,Off-Season,2131,1457,12
R283,P383,750,17,BOGO,Holiday,5763,1060,11
R284,P384,537,15,Coupon,Peak,7737,1830,5
R285,P385,840,5,Flash Sale,Off-Season,6092,1812,16
R286,P386,978,28,Discount,Off-Season,7022,2321,9
R287,P387,672,26,BOGO,Off-Season,4159,3502,20
R288,P388,350,11,Flash Sale,Peak,7159,3903,29
R289,P389,614,29,Flash Sale,Off-Season,8318,3151,8
R290,P390,497,25,Flash Sale,Holiday,9445,2314,21
R291,P391,810,19,Coupon,Holiday,6307,2241,28
R292,P392,462,5,Discount,Holiday,9520,4308,25
R293,P393,963,16,Flash Sale,Off-Season,4044,3377,6
R294,P394,343,11,Discount,Holiday,6636,3770,16
R295,P395,545,19,Coupon,Off-Season,3892,4583,5
R296,P396,823,25,Flash Sale,Holiday,6288,1245,16
R297,P397,771,23,Coupon,Peak,6812,1057,16
R298,P398,201,29,Coupon,Peak,1654,3801,16
R299,P399,503,5,Discount,Peak,6481,1441,23
R300,P400,453,21,Flash Sale,Peak,1759,4523,29
R301,P401,851,21,Coupon,Off-Season,7782,2796,21
R302,P402,652,7,Flash Sale,Holiday,2798,1439,24
R303,P403,236,16,Discount,Peak,6159,2110,28
R304,P404,359,10,Coupon,Off-Season,9446,2225,28
R305,P405,208,15,Discount,Peak,6262,1484,15
R306,P406,432,7,Flash Sale,Peak,4823,2087,17
R307,P407,298,12,Flash Sale,Off-Season,2876,4521,12
R308,P408,858,18,Discount,Off-Season,7154,1836,14
R309,P409,407,18,BOGO,Holiday,8787,3637,12
R310,P410,330,14,Coupon,Holiday,5516,1161,24
R311,P411,603,6,Flash Sale,Peak,4734,532,12
R312,P412,351,18,Flash Sale,Peak,6972,3914,13
R313,P413,253,13,Coupon,Holiday,7639,1656,11
R314,P414,319,7,Discount,Holiday,6356,3626,18
R315,P415,872,25,Discount,Off-Season,7380,560,6
R316,P416,827,12,Discount,Holiday,2008,4428,29
R317,P417,786,20,BOGO,Holiday,5314,2043,15
R318,P418,824,6,BOGO,Peak,3508,771,12
R319,P419,619,10,Flash Sale,Holiday,5758,4576,17
R320,P420,621,25,Discount,Peak,3682,3888,25
R321,P421,303,29,Coupon,Holiday,8311,3252,19
R322,P422,453,16,Flash Sale,Off-Season,1989,3209,7
R323,P423,426,9,Coupon,Holiday,9446,1654,27
R324,P424,311,6,Flash Sale,Holiday,5711,4905,18
R325,P425,709,20,BOGO,Holiday,7479,4353,19
R326,P426,672,9,Flash Sale,Peak,7964,2245,6
R327,P427,298,19,BOGO,Off-Season,9075,3932,23
R328,P428,352,16,Flash Sale,Holiday,5452,837,16
R329,P429,537,8,Discount,Peak,9447,509,29
R330,P430,905,19,Coupon,Off-Season,2007,4644,24
R331,P431,362,15,Discount,Peak,7496,1230,8
R332,P432,919,20,Flash Sale,Peak,8688,2148,7
R333,P433,880,27,Flash Sale,Off-Season,4908,4728,9
R334,P434,360,10,Flash Sale,Holiday,3803,4154,7
R335,P435,779,18,BOGO,Peak,5379,2630,29
R336,P436,597,22,Coupon,Peak,1098,4971,19
R337,P437,476,16,Coupon,Holiday,9388,2896,23
R338,P438,703,15,Flash Sale,Holiday,1877,4866,6
R339,P439,591,17,Flash Sale,Off-Season,2868,2006,16
R340,P440,334,25,BOGO,Off-Season,3665,2658,9
R341,P441,394,27,Discount,Off-Season,2388,3416,26
R342,P442,600,15,Discount,Holiday,3415,4671,21
R343,P443,839,27,Coupon,Peak,9761,3729,18
R344,P444,232,20,BOGO,Peak,3637,4103,26
R345,P445,887,19,Flash Sale,Off-Season,8242,2166,14
R346,P446,659,25,Coupon,Holiday,9613,4924,7
R347,P447,669,19,BOGO,Peak,3883,4636,8
R348,P448,574,29,Discount,Off-Season,2204,3469,10
R349,P449,221,8,BOGO,Peak,1544,3189,28
R350,P450,949,15,Discount,Peak,2223,2826,29
R351,P451,869,23,BOGO,Holiday,4172,3310,26
R352,P452,237,19,Coupon,Holiday,9959,3016,20
R353,P453,429,8,Discount,Peak,7450,3971,11
R354,P454,564,25,Coupon,Off-Season,7520,512,19
R355,P455,762,17,Coupon,Holiday,1654,3470,25
R356,P456,637,26,Discount,Peak,7821,4121,29
R357,P457,975,23,Discount,Holiday,3446,4183,24
R358,P458,482,6,Flash Sale,Holiday,6892,3973,15
R359,P459,226,18,Flash Sale,Holiday,9412,3622,26
R360,P460,425,8,Flash Sale,Peak,4666,3964,25
R361,P461,476,20,Coupon,Off-Season,5277,1152,5
R362,P462,997,25,Coupon,Off-Season,5402,1120,9
R363,P463,808,24,Flash Sale,Off-Season,3569,4290,17
R364,P464,483,18,Coupon,Holiday,6515,2145,25
R365,P465,680,19,Coupon,Peak,4985,2743,18
R366,P466,652,7,Discount,Holiday,9167,3991,13
R367,P467,858,12,Discount,Off-Season,8448,4211,21
R368,P468,715,20,Coupon,Off-Season,5310,4188,19
R369,P469,746,14,Flash Sale,Peak,4019,1879,25
R370,P470,391,8,BOGO,Holiday,4681,4743,11
R371,P471,248,22,Flash Sale,Off-Season,5196,2545,26
R372,P472,711,6,BOGO,Peak,1572,3548,26
R373,P473,216,21,Flash Sale,Holiday,5753,1888,16
R374,P474,371,17,Discount,Holiday,8082,901,27
R375,P475,419,8,Coupon,Off-Season,5002,3153,10
R376,P476,357,29,Coupon,Off-Season,6629,4824,25
R377,P477,676,15,Discount,Holiday,9417,4423,20
R378,P478,245,11,BOGO,Holiday,5200,767,9
R379,P479,572,16,BOGO,Off-Season,2997,4721,13
R380,P480,717,14,BOGO,Holiday,9963,2225,18
R381,P481,298,11,Discount,Off-Season,8422,1612,12
R382,P482,944,17,BOGO,Holiday,5524,3175,18
R383,P483,236,11,Discount,Off-Season,9625,1780,16
R384,P484,479,28,Flash Sale,Peak,4407,1732,14
R385,P485,548,21,Flash Sale,Off-Season,7731,4876,24
R386,P486,696,14,Discount,Off-Season,8795,2363,24
R387,P487,501,14,Coupon,Peak,3793,4984,25
R388,P488,380,28,Flash Sale,Holiday,8334,1116,17
R389,P489,806,8,BOGO,Peak,3911,646,23
R390,P490,298,24,Discount,Off-Season,8952,4177,19
R391,P491,899,8,BOGO,Holiday,3415,788,12
R392,P492,315,26,BOGO,Peak,1250,1909,27
R393,P493,390,11,Coupon,Holiday,5951,513,25
R394,P494,452,26,BOGO,Holiday,9098,756,14
R395,P495,360,5,Coupon,Peak,6289,2221,7
R396,P496,455,16,Flash Sale,Holiday,9102,1923,25
R397,P497,522,28,Discount,Peak,8257,3490,7
R398,P498,327,17,BOGO,Off-Season,6565,1695,9
R399,P499,217,14,Discount,Holiday,7437,4865,20
R400,P500,992,19,BOGO,Off-Season,2173,1744,21
R401,P501,934,17,Discount,Off-Season,9624,3723,10
R402,P502,765,27,BOGO,Holiday,1835,3970,24
R403,P503,769,26,BOGO,Peak,3262,4667,24
R404,P504,522,26,BOGO,Holiday,5567,4469,20
R405,P505,885,25,BOGO,Off-Season,4815,1806,28
R406,P506,991,26,BOGO,Off-Season,1246,2621,6
R407,P507,825,13,BOGO,Peak,3429,2902,24
R408,P508,487,13,BOGO,Holiday,6287,996,19
R409,P509,862,19,BOGO,Off-Season,3607,3899,22
R410,P510,838,14,BOGO,Off-Season,6930,4106,5
R411,P511,354,28,Discount,Off-Season,5022,1409,23
R412,P512,689,29,Coupon,Peak,5784,872,16
R413,P513,585,14,BOGO,Off-Season,7617,4957,12
R414,P514,984,12,Coupon,Off-Season,4151,1844,10
R415,P515,303,28,BOGO,Holiday,6580,823,16
R416,P516,592,20,BOGO,Holiday,8054,2931,11
R417,P517,445,21,Discount,Off-Season,8706,3284,22
R418,P518,375,9,Flash Sale,Off-Season,8619,2893,26
R419,P519,238,8,Flash Sale,Holiday,5573,4420,18
R420,P520,676,22,Discount,Peak,4491,1715,12
R421,P521,881,28,Coupon,Peak,1706,2195,28
R422,P522,958,23,Flash Sale,Peak,7997,2407,24
R423,P523,737,8,Discount,Peak,6233,1280,26
R424,P524,607,11,Discount,Peak,9945,1519,18
R425,P525,724,14,Flash Sale,Peak,6755,3765,9
R426,P526,705,29,Coupon,Peak,7960,1903,13
R427,P527,235,22,Discount,Peak,9779,1926,12
R428,P528,884,23,BOGO,Holiday,2334,1163,6
R429,P529,219,8,Coupon,Peak,6588,3147,20
R430,P530,520,14,Coupon,Peak,2847,510,17
R431,P531,975,5,Flash Sale,Peak,7851,1538,11
R432,P532,711,27,Flash Sale,Off-Season,8211,3325,20
R433,P533,599,22,BOGO,Holiday,8865,3503,11
R434,P534,853,9,Discount,Holiday,4317,1575,18
R435,P535,670,19,Flash Sale,Holiday,7811,3588,18
R436,P536,342,21,Flash Sale,Peak,1164,2289,16
R437,P537,291,7,Coupon,Peak,8060,3536,5
R438,P538,553,16,Flash Sale,Off-Season,4057,4153,5
R439,P539,999,6,Flash Sale,Holiday,5428,3675,16
R440,P540,926,5,Flash Sale,Peak,1402,4799,24
R441,P541,250,27,Flash Sale,Holiday,9605,1576,25
R442,P542,864,25,Coupon,Off-Season,9236,1473,19
R443,P543,897,21,BOGO,Off-Season,7349,2365,8
R444,P544,774,26,BOGO,Off-Season,5157,3625,11
R445,P545,389,20,Discount,Holiday,1867,1799,20
R446,P546,324,9,Flash Sale,Peak,9210,3906,7
R447,P547,349,19,Coupon,Peak,1364,1658,11
R448,P548,513,7,Discount,Off-Season,8467,3629,28
R449,P549,769,11,Discount,Peak,7571,604,26
R450,P550,541,15,BOGO,Off-Season,1579,4067,10
R451,P551,504,14,Coupon,Holiday,8674,4848,20
R452,P552,891,13,Coupon,Off-Season,9737,4890,28
R453,P553,881,18,Coupon,Holiday,7468,1681,12
R454,P554,982,17,BOGO,Off-Season,5150,3638,27
R455,P555,253,29,BOGO,Peak,4039,4894,26
R456,P556,643,29,BOGO,Peak,5137,4034,10
R457,P557,812,6,BOGO,Off-Season,1452,4696,14
R458,P558,463,7,BOGO,Peak,7537,3627,20
R459,P559,252,11,Flash Sale,Peak,2381,2274,15
R460,P560,771,25,Flash Sale,Peak,9154,4314,17
R461,P561,819,22,Coupon,Holiday,2467,591,10
R462,P562,204,7,Discount,Peak,3738,946,28
R463,P563,302,14,Coupon,Holiday,8572,608,5
R464,P564,395,26,Discount,Off-Season,7747,4912,25
R465,P565,973,11,BOGO,Peak,1880,3739,23
R466,P566,549,13,Discount,Peak,4149,4553,16
R467,P567,246,21,Coupon,Peak,9276,1745,28
R468,P568,855,15,Coupon,Off-Season,8892,3220,10
R469,P569,468,11,Discount,Holiday,5144,777,22
R470,P570,569,28,Flash Sale,Holiday,2168,3556,17
R471,P571,835,18,BOGO,Peak,4129,3422,11
R472,P572,305,23,BOGO,Off-Season,4645,3013,27
R473,P573,869,8,Coupon,Off-Season,3526,1338,17
R474,P574,858,10,Flash Sale,Off-Season,4516,3301,25
R475,P575,856,14,Discount,Off-Season,4367,529,12
R476,P576,319,11,BOGO,Off-Season,8338,1757,25
R477,P577,986,17,Flash Sale,Holiday,4555,864,21
R478,P578,803,18,BOGO,Holiday,6111,2300,13
R479,P579,257,8,Flash Sale,Holiday,7752,1404,24
R480,P580,545,12,Flash Sale,Peak,1445,2678,17
R481,P581,940,9,Coupon,Off-Season,7364,3350,6
R482,P582,673,5,BOGO,Peak,4626,3336,8
R483,P583,316,8,Discount,Off-Season,5016,4946,29
R484,P584,990,7,Coupon,Holiday,4875,679,6
R485,P585,326,13,Coupon,Peak,6497,4373,8
R486,P586,592,12,Discount,Holiday,7238,4460,22
R487,P587,840,5,Coupon,Off-Season,1261,1686,9
R488,P588,257,10,Flash Sale,Off-Season,5992,4459,23
R489,P589,833,13,Flash Sale,Off-Season,5025,1273,14
R490,P590,712,11,BOGO,Holiday,9283,4960,22
R491,P591,950,8,BOGO,Off-Season,5222,852,29
R492,P592,295,17,Discount,Holiday,5175,3528,25
R493,P593,837,21,BOGO,Peak,4443,617,14
R494,P594,317,6,Flash Sale,Off-Season,6011,981,9
R495,P595,759,9,Discount,Off-Season,1693,4787,21
R496,P596,800,16,Discount,Off-Season,9347,3137,26
R497,P597,687,25,BOGO,Peak,2812,606,17
R498,P598,436,12,Flash Sale,Off-Season,6724,4977,27
R499,P599,471,10,Discount,Holiday,2407,743,21
R500,P600,388,12,Flash Sale,Holiday,9032,3132,13
R501,P601,903,22,Flash Sale,Off-Season,2410,1365,28
R502,P602,646,7,Flash Sale,Off-Season,4497,3481,16
R503,P603,780,26,BOGO,Peak,5372,2061,18
R504,P604,989,16,Coupon,Peak,8394,1103,18
R505,P605,446,7,Coupon,Peak,1551,3562,12
R506,P606,275,26,Discount,Off-Season,5332,4518,27
R507,P607,353,10,Flash Sale,Peak,1997,2515,9
R508,P608,855,6,BOGO,Peak,5076,2158,23
R509,P609,634,27,Flash Sale,Holiday,7099,3880,18
R510,P610,285,16,Flash Sale,Peak,6555,4267,13
R511,P611,896,6,BOGO,Holiday,5052,4270,11
R512,P612,484,10,Coupon,Holiday,6303,2113,12
R513,P613,419,21,Flash Sale,Peak,9118,2379,18
R514,P614,268,7,Flash Sale,Holiday,7102,4608,26
R515,P615,246,6,Coupon,Off-Season,6490,2846,18
R516,P616,293,27,BOGO,Off-Season,9564,1599,15
R517,P617,949,24,Discount,Peak,6616,1574,18
R518,P618,652,12,Coupon,Off-Season,3248,1286,25
R519,P619,403,26,Discount,Holiday,1848,648,12
R520,P620,417,16,Discount,Off-Season,7354,2254,7
R521,P621,673,8,Coupon,Peak,9695,2669,27
R522,P622,631,9,Flash Sale,Peak,9070,4256,22
R523,P623,540,17,Discount,Holiday,9894,1679,7
R524,P624,750,19,Discount,Peak,4625,3809,17
R525,P625,811,29,BOGO,Off-Season,1314,2923,16
R526,P626,488,27,Flash Sale,Peak,3376,4677,19
R527,P627,453,20,Discount,Holiday,5378,1424,22
R528,P628,933,14,BOGO,Peak,9449,2103,9
R529,P629,556,29,Flash Sale,Off-Season,1574,3552,11
R530,P630,222,27,Coupon,Holiday,6585,4718,15
R531,P631,961,20,Coupon,Off-Season,6492,2877,15
R532,P632,721,16,BOGO,Holiday,9949,3980,19
R533,P633,957,21,Coupon,Peak,3810,3682,14
R534,P634,299,20,Discount,Holiday,9134,3317,19
R535,P635,379,16,Flash Sale,Holiday,6670,3660,17
R536,P636,422,12,Discount,Peak,8715,1211,18
R537,P637,961,24,Discount,Off-Season,7567,3086,21
R538,P638,858,7,Coupon,Peak,4459,3148,17
R539,P639,641,20,Discount,Holiday,7117,2217,14
R540,P640,807,17,Coupon,Peak,4992,4852,29
R541,P641,968,27,Flash Sale,Holiday,8837,1370,5
R542,P642,524,23,Flash Sale,Peak,1203,4074,5
R543,P643,715,12,Discount,Peak,3775,770,19
R544,P644,215,26,BOGO,Off-Season,2992,2043,20
R545,P645,991,9,Coupon,Holiday,3243,1049,16
R546,P646,535,24,Coupon,Off-Season,9498,4514,28
R547,P647,958,12,Discount,Holiday,2687,4954,10
R548,P648,457,28,Coupon,Peak,5109,2212,10
R549,P649,696,16,Coupon,Holiday,2860,3740,16
R550,P650,359,5,BOGO,Off-Season,6176,1862,29
R551,P651,674,29,BOGO,Off-Season,1722,1784,19
R552,P652,863,25,Discount,Off-Season,9971,1386,8
R553,P653,889,24,BOGO,Holiday,9720,2758,28
R554,P654,874,10,Discount,Off-Season,5893,4882,8
R555,P655,579,26,Flash Sale,Off-Season,1343,2285,6
R556,P656,744,22,Discount,Off-Season,6398,4043,28
R557,P657,890,12,Flash Sale,Peak,9400,795,16
R558,P658,626,11,Discount,Peak,5736,2553,11
R559,P659,812,5,Coupon,Holiday,4406,3097,24
R560,P660,467,25,BOGO,Holiday,1919,1180,13
R561,P661,776,20,Flash Sale,Off-Season,6819,4798,13
R562,P662,616,16,Discount,Peak,3044,824,12
R563,P663,367,10,BOGO,Off-Season,1418,2791,18
R564,P664,242,24,Discount,Off-Season,2749,4922,5
R565,P665,755,6,BOGO,Peak,8378,1486,27
R566,P666,484,18,BOGO,Peak,2099,3618,25
R567,P667,596,8,Discount,Peak,4392,1260,27
R568,P668,211,5,Flash Sale,Holiday,3772,4193,16
R569,P669,806,27,Flash Sale,Holiday,7784,1536,29
R570,P670,501,22,Coupon,Off-Season,2545,1406,6
R571,P671,452,17,BOGO,Holiday,2070,864,17
R572,P672,698,6,Coupon,Peak,7522,3913,8
R573,P673,953,13,Coupon,Peak,2850,1569,24
R574,P674,234,25,Discount,Holiday,6053,4869,22
R575,P675,926,6,Discount,Off-Season,3939,2755,23
R576,P676,289,29,Discount,Off-Season,8194,4186,20
R577,P677,975,13,BOGO,Holiday,6851,4719,18
R578,P678,804,5,Discount,Off-Season,7673,3581,12
R579,P679,801,15,Discount,Off-Season,1678,3758,16
R580,P680,617,7,BOGO,Off-Season,1988,2607,13
R581,P681,314,24,BOGO,Peak,2502,3433,10
R582,P682,816,27,Flash Sale,Peak,2789,3329,22
R583,P683,395,8,Discount,Holiday,6281,941,6
R584,P684,700,22,Discount,Peak,6027,2059,27
R585,P685,825,27,Discount,Off-Season,2425,2241,12
R586,P686,692,10,Flash Sale,Peak,7654,1125,28
R587,P687,274,7,Discount,Holiday,3440,4363,18
R588,P688,612,26,Flash Sale,Peak,7856,2190,10
R589,P689,575,15,Coupon,Off-Season,8367,3281,14
R590,P690,619,19,Flash Sale,Off-Season,3594,590,12
R591,P691,928,26,Coupon,Holiday,5689,3506,21
R592,P692,476,9,Discount,Peak,3436,4802,29
R593,P693,960,24,Coupon,Peak,6517,1588,16
R594,P694,875,14,Flash Sale,Peak,7310,1680,21
R595,P695,593,16,BOGO,Off-Season,4539,2401,17
R596,P696,656,19,Coupon,Holiday,4483,4990,23
R597,P697,391,21,Coupon,Peak,8371,686,16
R598,P698,938,14,Discount,Off-Season,3241,2097,20
R599,P699,888,10,Flash Sale,Off-Season,7378,3908,29
R600,P700,298,22,Coupon,Off-Season,3765,4247,9
R601,P701,747,17,Coupon,Peak,5911,3170,29
R602,P702,295,7,Coupon,Peak,1403,739,20
R603,P703,863,28,Coupon,Peak,4382,3080,29
R604,P704,862,14,BOGO,Peak,5163,4736,10
R605,P705,389,18,Flash Sale,Peak,8630,638,15
R606,P706,935,10,Discount,Peak,1087,3006,21
R607,P707,236,7,Discount,Peak,6816,4665,27
R608,P708,979,20,BOGO,Peak,6470,4980,18
R609,P709,568,11,Flash Sale,Peak,7276,2745,10
R610,P710,894,24,Coupon,Off-Season,6739,4800,29
R611,P711,724,18,BOGO,Peak,5273,2249,27
R612,P712,478,13,Flash Sale,Holiday,7523,1067,15
R613,P713,416,19,Coupon,Off-Season,6003,1381,16
R614,P714,997,25,BOGO,Peak,9038,1139,17
R615,P715,472,7,Flash Sale,Holiday,7606,4461,8
R616,P716,261,6,Discount,Peak,3064,4920,11
R617,P717,795,6,Discount,Holiday,6315,2835,6
R618,P718,928,7,Flash Sale,Holiday,1317,4821,10
R619,P719,541,22,Discount,Holiday,2502,3485,10
R620,P720,596,18,Flash Sale,Holiday,7130,1059,22
R621,P721,898,24,Coupon,Off-Season,8419,1213,24
R622,P722,218,22,Flash Sale,Off-Season,3042,4488,12
R623,P723,376,14,Coupon,Holiday,5598,756,12
R624,P724,811,29,BOGO,Peak,1118,1076,12
R625,P725,595,6,Flash Sale,Holiday,1709,537,12
R626,P726,644,29,BOGO,Off-Season,4557,2572,5
R627,P727,432,26,Discount,Peak,4250,960,6
R628,P728,275,5,Coupon,Off-Season,9061,1940,16
R629,P729,464,8,Flash Sale,Off-Season,9609,4978,19
R630,P730,654,18,BOGO,Peak,3603,2332,8
R631,P731,995,5,Coupon,Holiday,2101,3899,29
R632,P732,917,18,Coupon,Holiday,5421,932,7
R633,P733,934,20,Discount,Holiday,8857,4651,18
R634,P734,583,26,Discount,Holiday,9177,2251,26
R635,P735,763,18,Coupon,Peak,7082,2547,27
R636,P736,705,24,Coupon,Peak,7658,3340,12
R637,P737,566,7,Flash Sale,Peak,3261,756,17
R638,P738,343,7,Coupon,Off-Season,9021,1171,27
R639,P739,268,13,Flash Sale,Peak,1508,989,23
R640,P740,298,10,Coupon,Holiday,3379,4214,26
R641,P741,595,29,Discount,Off-Season,9879,2596,9
R642,P742,224,17,Flash Sale,Holiday,5752,2182,17
R643,P743,668,25,BOGO,Holiday,6495,4911,24
R644,P744,683,6,Discount,Peak,4209,2960,5
R645,P745,764,12,Flash Sale,Peak,8398,4412,20
R646,P746,350,25,Flash Sale,Holiday,7743,2475,27
R647,P747,343,6,BOGO,Holiday,6648,3716,28
R648,P748,768,8,Flash Sale,Off-Season,6171,1889,6
R649,P749,238,29,Coupon,Peak,8890,4356,11
R650,P750,308,19,BOGO,Off-Season,1324,2084,10
R651,P751,892,8,Discount,Off-Season,4557,3463,9
R652,P752,241,17,Discount,Off-Season,4587,1476,8
R653,P753,385,16,Coupon,Holiday,1151,3864,6
R654,P754,597,17,Discount,Off-Season,1954,545,14
R655,P755,422,18,Flash Sale,Off-Season,5354,1693,26
R656,P756,833,24,Flash Sale,Holiday,8160,3842,9
R657,P757,332,22,Coupon,Peak,1687,746,22
R658,P758,362,10,Discount,Peak,9501,3719,14
R659,P759,414,15,Discount,Off-Season,4127,4825,27
R660,P760,932,6,Coupon,Holiday,7763,1291,26
R661,P761,434,27,BOGO,Peak,4395,1136,19
R662,P762,857,23,Discount,Off-Season,1845,4275,13
R663,P763,950,23,BOGO,Off-Season,2164,2921,15
R664,P764,787,9,Discount,Holiday,6904,1588,25
R665,P765,208,23,Discount,Off-Season,6360,4683,29
R666,P766,273,6,Discount,Peak,1354,3659,29
R667,P767,691,14,Discount,Holiday,2872,1212,21
R668,P768,452,29,Flash Sale,Peak,3024,4144,25
R669,P769,429,6,BOGO,Peak,3817,4390,13
R670,P770,718,15,BOGO,Peak,4832,3086,27
R671,P771,373,22,Discount,Off-Season,9257,4809,20
R672,P772,852,28,Discount,Off-Season,3581,2608,10
R673,P773,367,19,BOGO,Peak,3486,4114,26
R674,P774,369,13,Flash Sale,Peak,9418,1742,15
R675,P775,592,27,Coupon,Holiday,3443,2559,27
R676,P776,994,23,Coupon,Holiday,9919,3986,21
R677,P777,833,13,BOGO,Off-Season,2036,4832,8
R678,P778,393,7,Discount,Off-Season,9684,4310,19
R679,P779,716,25,Discount,Holiday,8435,4400,5
R680,P780,228,13,Flash Sale,Peak,2548,3105,26
R681,P781,364,18,Coupon,Off-Season,6065,3534,24
R682,P782,621,23,Flash Sale,Peak,7496,4707,5
R683,P783,538,11,Coupon,Holiday,7183,4551,13
R684,P784,847,20,BOGO,Off-Season,4957,3863,16
R685,P785,695,20,Coupon,Off-Season,4407,4521,8
R686,P786,564,5,Flash Sale,Holiday,1639,2345,26
R687,P787,541,8,Flash Sale,Off-Season,1172,882,17
R688,P788,699,8,Flash Sale,Holiday,6666,4612,11
R689,P789,856,11,BOGO,Off-Season,5354,4310,12
R690,P790,710,12,Coupon,Holiday,4959,2396,17
R691,P791,526,21,Coupon,Off-Season,9708,2009,15
R692,P792,416,9,Flash Sale,Peak,9714,4712,13
R693,P793,500,11,Coupon,Peak,3886,2078,29
R694,P794,331,24,Discount,Peak,3164,1379,28
R695,P795,269,24,Discount,Off-Season,4945,2662,20
R696,P796,451,8,Discount,Off-Season,6235,2072,14
R697,P797,614,10,Coupon,Peak,8746,2148,15
R698,P798,986,11,BOGO,Peak,3590,1859,16
R699,P799,644,22,BOGO,Holiday,8754,4931,18
R700,P800,381,9,BOGO,Holiday,5934,3469,23
R701,P801,366,24,BOGO,Holiday,5076,4460,16
R702,P802,290,7,Discount,Peak,6185,4311,22
R703,P803,913,11,Discount,Peak,2093,4742,25
R704,P804,730,26,Flash Sale,Peak,4880,4717,21
R705,P805,238,18,Coupon,Holiday,7559,580,7
R706,P806,325,11,Coupon,Off-Season,3785,3232,5
R707,P807,650,9,BOGO,Peak,7065,3209,23
R708,P808,372,26,Discount,Off-Season,7539,2922,8
R709,P809,852,9,BOGO,Off-Season,2574,4141,27
R710,P810,953,27,Flash Sale,Off-Season,6676,1167,20
R711,P811,419,6,Coupon,Holiday,9060,2996,16
R712,P812,837,25,Coupon,Off-Season,4990,3999,25
R713,P813,257,26,BOGO,Peak,6210,3998,25
R714,P814,859,10,Flash Sale,Holiday,5845,1944,17
R715,P815,675,19,Coupon,Peak,2189,1845,21
R716,P816,655,25,Flash Sale,Peak,3689,1689,12
R717,P817,560,14,Flash Sale,Holiday,5095,958,17
R718,P818,200,27,BOGO,Peak,2875,1712,24
R719,P819,586,28,Discount,Peak,8768,1411,9
R720,P820,547,11,BOGO,Holiday,4406,1525,22
R721,P821,389,9,Discount,Peak,4932,2911,19
R722,P822,704,5,Flash Sale,Off-Season,9240,571,16
R723,P823,390,17,Discount,Peak,6408,3185,21
R724,P824,707,25,Flash Sale,Off-Season,4861,1693,29
R725,P825,568,22,Coupon,Peak,8406,2348,19
R726,P826,608,17,Coupon,Holiday,3833,2884,6
R727,P827,316,25,Coupon,Holiday,6285,2522,10
R728,P828,333,25,BOGO,Peak,8645,4241,21
R729,P829,257,22,BOGO,Holiday,5777,1798,20
R730,P830,755,9,Flash Sale,Peak,3735,4602,21
R731,P831,884,17,Coupon,Holiday,9273,1404,29
R732,P832,871,8,BOGO,Off-Season,9278,3526,24
R733,P833,372,21,Coupon,Peak,7368,2528,13
R734,P834,348,7,BOGO,Off-Season,1821,3120,9
R735,P835,279,21,Discount,Off-Season,8525,3146,27
R736,P836,412,15,Discount,Peak,1162,2789,5
R737,P837,402,25,Coupon,Off-Season,8777,4372,10
R738,P838,963,24,Flash Sale,Peak,2932,1985,28
R739,P839,428,27,BOGO,Off-Season,4535,3651,18
R740,P840,875,25,BOGO,Peak,6956,1940,21
R741,P841,426,8,Discount,Peak,4446,1265,29
R742,P842,858,6,Discount,Holiday,3790,4979,23
R743,P843,731,24,Flash Sale,Peak,3707,2938,5
R744,P844,640,20,Flash Sale,Peak,8959,4592,5
R745,P845,601,22,Flash Sale,Off-Season,4933,1649,17
R746,P846,246,12,Coupon,Peak,4385,4065,18
R747,P847,432,7,Discount,Holiday,7636,4642,10
R748,P848,504,13,Coupon,Off-Season,1922,2472,10
R749,P849,725,24,Discount,Off-Season,9089,3166,5
R750,P850,342,10,Discount,Holiday,1564,963,18
R751,P851,614,14,BOGO,Off-Season,4258,4718,7
R752,P852,712,25,Discount,Off-Season,3500,2681,27
R753,P853,572,14,Discount,Off-Season,5566,2142,14
R754,P854,765,17,Coupon,Off-Season,7881,4388,23
R755,P855,458,21,Discount,Holiday,4636,1340,23
R756,P856,855,13,Coupon,Holiday,7030,3154,23
R757,P857,670,21,Flash Sale,Off-Season,1223,4618,27
R758,P858,211,28,Discount,Off-Season,7297,1065,8
R759,P859,529,13,Discount,Holiday,1350,1464,24
R760,P860,935,13,Coupon,Holiday,8314,2782,23
R761,P861,983,5,Flash Sale,Holiday,2928,1495,14
R762,P862,557,6,BOGO,Off-Season,8743,1687,29
R763,P863,607,20,Flash Sale,Off-Season,9540,4811,6
R764,P864,867,5,Coupon,Peak,5732,3754,8
R765,P865,572,14,Flash Sale,Holiday,2017,1156,28
R766,P866,207,22,Coupon,Off-Season,3226,3482,10
R767,P867,321,12,Coupon,Holiday,8206,1613,11
R768,P868,547,25,BOGO,Off-Season,8170,4906,20
R769,P869,875,15,Discount,Holiday,7207,1056,11
R770,P870,289,27,Coupon,Off-Season,3419,3519,22
R771,P871,847,6,Coupon,Peak,7240,2804,24
R772,P872,897,12,BOGO,Peak,2893,3080,26
R773,P873,515,26,Coupon,Holiday,6322,551,23
R774,P874,377,12,Discount,Off-Season,8718,1861,13
R775,P875,739,21,BOGO,Off-Season,7878,1694,24
R776,P876,931,19,Discount,Holiday,2125,4519,14
R777,P877,240,21,Discount,Off-Season,4117,3638,17
R778,P878,939,27,BOGO,Holiday,5161,2148,22
R779,P879,903,28,Coupon,Off-Season,5042,1171,20
R780,P880,701,17,Discount,Holiday,5433,1277,26
R781,P881,344,23,Discount,Off-Season,9638,2779,21
R782,P882,400,9,Discount,Holiday,3658,3522,26
R783,P883,923,16,Discount,Off-Season,4483,2360,17
R784,P884,660,5,BOGO,Peak,3944,3639,16
R785,P885,931,27,BOGO,Off-Season,8210,1574,14
R786,P886,951,9,Flash Sale,Holiday,8653,2216,5
R787,P887,757,12,Flash Sale,Peak,9787,1783,12
R788,P888,746,17,Discount,Off-Season,2986,2486,25
R789,P889,452,12,Coupon,Peak,2074,3133,26
R790,P890,589,29,Discount,Off-Season,5305,1501,22
R791,P891,793,27,Coupon,Peak,4007,1546,6
R792,P892,455,15,Discount,Holiday,1969,2676,20
R793,P893,908,5,Flash Sale,Off-Season,9772,2838,16
R794,P894,649,17,Flash Sale,Off-Season,3824,2355,13
R795,P895,209,23,Coupon,Holiday,2211,1000,7
R796,P896,997,28,Discount,Peak,1229,2733,26
R797,P897,441,7,Coupon,Holiday,5284,3039,25
R798,P898,450,28,Flash Sale,Holiday,4185,4214,8
R799,P899,204,21,Discount,Peak,1501,2832,6
R800,P900,318,9,Discount,Holiday,1048,1100,12
R801,P901,573,24,Coupon,Off-Season,4566,4784,14
R802,P902,264,25,BOGO,Off-Season,4055,1488,20
R803,P903,345,12,Coupon,Off-Season,9880,2381,27
R804,P904,423,18,Flash Sale,Holiday,1386,4983,15
R805,P905,438,8,Flash Sale,Off-Season,1969,2254,22
R806,P906,376,15,Flash Sale,Off-Season,6820,2964,26
R807,P907,978,24,Flash Sale,Off-Season,4052,2723,18
R808,P908,481,19,Flash Sale,Off-Season,8397,4982,12
R809,P909,262,23,BOGO,Off-Season,3302,1994,27
R810,P910,416,11,Discount,Off-Season,3283,1352,19
R811,P911,994,23,Coupon,Holiday,5366,951,21
R812,P912,888,23,Coupon,Off-Season,1122,2824,25
R813,P913,660,15,Flash Sale,Off-Season,7799,2258,22
R814,P914,809,9,Coupon,Peak,4727,4808,10
R815,P915,304,9,Flash Sale,Holiday,9450,3853,27
R816,P916,298,26,BOGO,Holiday,5958,4636,18
R817,P917,710,12,BOGO,Holiday,1524,3838,27
R818,P918,584,14,Discount,Holiday,9399,3088,7
R819,P919,604,10,BOGO,Off-Season,1148,2282,11
R820,P920,717,19,BOGO,Off-Season,9001,4020,19
R821,P921,675,20,Discount,Peak,1437,2279,25
R822,P922,908,21,Coupon,Peak,4749,3632,28
R823,P923,844,12,Flash Sale,Holiday,9186,4073,20
R824,P924,970,12,Flash Sale,Peak,5453,3718,20
R825,P925,636,29,Coupon,Peak,6336,4257,12
R826,P926,222,13,Discount,Holiday,5551,4516,11
R827,P927,764,6,Coupon,Holiday,3823,3337,10
R828,P928,876,19,BOGO,Peak,6728,2881,6
R829,P929,913,22,Discount,Off-Season,9677,4739,26
R830,P930,657,7,Discount,Peak,9391,4436,17
R831,P931,282,21,Discount,Peak,2982,4928,16
R832,P932,344,8,Flash Sale,Off-Season,7996,1919,19
R833,P933,284,8,Coupon,Off-Season,3311,4650,13
R834,P934,277,18,Discount,Holiday,8225,1830,6
R835,P935,656,13,Discount,Holiday,1604,3417,21
R836,P936,200,13,Discount,Peak,9175,1946,9
R837,P937,250,29,Coupon,Off-Season,6785,1940,15
R838,P938,884,27,Flash Sale,Holiday,5597,4244,26
R839,P939,916,22,BOGO,Peak,8759,3344,23
R840,P940,971,14,Flash Sale,Off-Season,8532,4675,28
R841,P941,645,25,Discount,Peak,9740,1364,11
R842,P942,648,8,Flash Sale,Holiday,1838,971,6
R843,P943,687,16,Flash Sale,Holiday,4815,2002,20
R844,P944,999,12,BOGO,Off-Season,1847,1910,16
R845,P945,233,6,Coupon,Peak,5709,4270,27
R846,P946,547,26,Coupon,Off-Season,5507,2405,19
R847,P947,294,17,Flash Sale,Holiday,7575,4501,5
R848,P948,271,25,Flash Sale,Holiday,5773,4004,29
R849,P949,750,20,Coupon,Peak,5468,3983,17
R850,P950,353,6,Coupon,Peak,6192,1098,27
R851,P951,449,15,BOGO,Peak,4320,1491,10
R852,P952,873,14,Discount,Off-Season,5698,2432,17
R853,P953,637,19,Flash Sale,Peak,5311,3284,22
R854,P954,317,21,Coupon,Peak,4673,3541,7
R855,P955,970,12,Flash Sale,Holiday,2564,566,5
R856,P956,505,22,Flash Sale,Holiday,2840,3898,19
R857,P957,467,27,Coupon,Peak,7058,3250,17
R858,P958,253,13,BOGO,Peak,8131,969,9
R859,P959,435,29,Flash Sale,Holiday,1726,2224,29
R860,P960,588,12,BOGO,Peak,7697,4485,17
R861,P961,933,18,Coupon,Off-Season,1282,2131,26
R862,P962,962,29,Discount,Off-Season,2081,1274,9
R863,P963,600,22,Discount,Off-Season,4885,3512,23
R864,P964,823,26,Flash Sale,Peak,3881,3003,25
R865,P965,966,24,Coupon,Holiday,3970,1986,28
R866,P966,502,24,BOGO,Peak,7985,4519,22
R867,P967,406,25,Flash Sale,Peak,1947,4727,25
R868,P968,428,16,Coupon,Holiday,5760,1429,26
R869,P969,777,23,Coupon,Holiday,1066,3512,14
R870,P970,274,18,BOGO,Holiday,9828,2005,28
R871,P971,634,21,Flash Sale,Off-Season,9505,3444,12
R872,P972,302,28,Coupon,Peak,1564,3319,19
R873,P973,621,25,Coupon,Holiday,4670,1684,25
R874,P974,903,7,Coupon,Peak,3251,788,29
R875,P975,963,27,BOGO,Off-Season,1804,2311,24
R876,P976,937,11,Flash Sale,Off-Season,5631,1027,29
R877,P977,505,21,Flash Sale,Holiday,2235,1416,27
R878,P978,297,16,Flash Sale,Holiday,7720,2208,26
R879,P979,997,13,Flash Sale,Peak,7906,4074,8
R880,P980,534,19,Discount,Holiday,7016,3819,6
R881,P981,634,22,Discount,Peak,4549,1906,28
R882,P982,646,25,Flash Sale,Holiday,8938,1741,10
R883,P983,507,17,BOGO,Peak,5141,3633,7
R884,P984,448,25,Discount,Peak,7966,1298,11
R885,P985,365,12,Coupon,Peak,6335,2023,14
R886,P986,680,18,Discount,Peak,6077,4607,27
R887,P987,534,12,Coupon,Off-Season,6611,3388,10
R888,P988,741,18,Flash Sale,Peak,9089,3190,20
R889,P989,958,11,Discount,Holiday,3892,4591,6
R890,P990,305,27,BOGO,Off-Season,6577,1741,28
R891,P991,762,16,Discount,Off-Season,4618,1190,21
R892,P992,280,15,Discount,Peak,2559,1027,17
R893,P993,332,26,Discount,Off-Season,7683,1995,5
R894,P994,996,26,Flash Sale,Peak,2507,4325,10
R895,P995,337,15,BOGO,Holiday,3063,3393,9
R896,P996,383,29,Discount,Peak,4642,1392,29
R897,P997,600,26,BOGO,Off-Season,3000,886,17
R898,P998,529,17,Flash Sale,Holiday,2294,1749,27
R899,P999,984,22,Coupon,Peak,5065,3028,22
R900,P1000,707,6,Discount,Holiday,9014,4028,16
R901,P1001,268,25,BOGO,Holiday,2603,1397,11
R902,P1002,745,19,BOGO,Off-Season,2322,1210,19
R903,P1003,973,24,Flash Sale,Holiday,6956,4195,7
R904,P1004,252,22,Discount,Off-Season,3441,3186,20
R905,P1005,649,19,Coupon,Holiday,2098,915,5
R906,P1006,404,23,BOGO,Peak,6073,1971,20
R907,P1007,325,27,Discount,Holiday,9488,4680,28
R908,P1008,946,28,Coupon,Peak,4787,4762,16
R909,P1009,242,16,BOGO,Peak,3096,2931,23
R910,P1010,951,17,BOGO,Holiday,3208,3015,12
R911,P1011,310,26,Coupon,Peak,6988,1595,27
R912,P1012,960,15,Coupon,Holiday,1175,1309,16
R913,P1013,862,9,Flash Sale,Holiday,8169,3544,19
R914,P1014,382,5,Discount,Peak,7014,1492,6
R915,P1015,294,28,Discount,Peak,2667,1781,21
R916,P1016,573,7,Flash Sale,Off-Season,9867,4870,11
R917,P1017,719,26,BOGO,Peak,2823,2273,17
R918,P1018,559,23,Coupon,Off-Season,6147,4061,5
R919,P1019,895,27,Coupon,Peak,2356,4316,10
R920,P1020,480,11,Coupon,Holiday,4072,2256,17
R921,P1021,394,16,BOGO,Peak,4259,2873,15
R922,P1022,394,19,Coupon,Holiday,7199,3076,14
R923,P1023,866,29,Coupon,Holiday,1546,1391,20
R924,P1024,292,9,Flash Sale,Holiday,6231,4684,28
R925,P1025,871,19,BOGO,Off-Season,8965,1207,27
R926,P1026,260,12,Discount,Peak,3083,2897,24
R927,P1027,833,14,Flash Sale,Holiday,3040,4982,21
R928,P1028,250,20,Flash Sale,Holiday,5534,2634,21
R929,P1029,602,12,Discount,Off-Season,2752,2854,8
R930,P1030,988,5,Flash Sale,Peak,2849,1476,9
R931,P1031,204,16,BOGO,Peak,3642,1234,27
R932,P1032,665,9,Coupon,Off-Season,2600,2968,18
R933,P1033,803,7,BOGO,Off-Season,5402,3040,24
R934,P1034,881,5,Discount,Peak,4799,1132,14
R935,P1035,733,8,Discount,Off-Season,1618,4768,18
R936,P1036,604,12,Flash Sale,Peak,2132,4599,5
R937,P1037,712,7,BOGO,Peak,6491,3401,15
R938,P1038,844,14,BOGO,Holiday,6795,2163,27
R939,P1039,432,6,Discount,Holiday,8633,2515,22
R940,P1040,723,15,BOGO,Peak,2487,3681,20
R941,P1041,545,29,Discount,Peak,8848,4563,22
R942,P1042,245,14,BOGO,Peak,6009,3130,12
R943,P1043,745,25,BOGO,Peak,3113,4372,14
R944,P1044,277,18,BOGO,Peak,2044,1554,14
R945,P1045,929,11,Discount,Peak,3431,880,9
R946,P1046,272,6,Flash Sale,Off-Season,8979,3582,14
R947,P1047,993,13,BOGO,Peak,2582,2891,22
R948,P1048,448,20,Discount,Off-Season,2308,2092,25
R949,P1049,246,17,Discount,Off-Season,5917,4761,28
R950,P1050,320,13,BOGO,Peak,9793,3247,10
R951,P1051,413,24,BOGO,Peak,2620,2889,7
R952,P1052,438,8,Flash Sale,Off-Season,8503,4053,12
R953,P1053,255,26,Discount,Off-Season,5766,3527,13
R954,P1054,549,14,Discount,Peak,6362,1707,9
R955,P1055,306,26,Coupon,Peak,6192,4353,6
R956,P1056,247,16,Discount,Off-Season,7622,1044,6
R957,P1057,772,21,Flash Sale,Off-Season,7093,3581,11
R958,P1058,536,18,Coupon,Off-Season,7704,4163,21
R959,P1059,225,18,Coupon,Holiday,1100,2739,14
R960,P1060,456,29,Coupon,Off-Season,7657,2867,16
R961,P1061,207,6,BOGO,Holiday,6875,4273,6
R962,P1062,824,25,BOGO,Peak,5271,3127,14
R963,P1063,452,29,Discount,Peak,1237,4431,24
R964,P1064,891,24,Coupon,Off-Season,8226,2974,5
R965,P1065,918,15,Flash Sale,Peak,9032,3630,8
R966,P1066,502,20,BOGO,Peak,6218,4007,17
R967,P1067,838,23,Flash Sale,Peak,5025,596,16
R968,P1068,255,27,Flash Sale,Peak,7073,4358,15
R969,P1069,925,10,BOGO,Holiday,3542,3208,14
R970,P1070,725,28,BOGO,Holiday,2537,3836,19
R971,P1071,673,23,BOGO,Off-Season,1754,956,9
R972,P1072,227,9,BOGO,Off-Season,8396,4868,29
R973,P1073,277,8,Coupon,Off-Season,8823,3487,21
R974,P1074,415,19,Coupon,Peak,6507,4588,9
R975,P1075,585,8,Coupon,Peak,5235,4384,6
R976,P1076,564,24,Coupon,Holiday,1540,1531,13
R977,P1077,865,14,Discount,Holiday,6510,707,10
R978,P1078,725,28,Coupon,Off-Season,9461,2437,22
R979,P1079,898,26,BOGO,Holiday,8926,1646,18
R980,P1080,511,7,Flash Sale,Holiday,6131,4799,23
R981,P1081,206,9,Coupon,Holiday,9697,3064,18
R982,P1082,202,10,Discount,Holiday,2129,942,12
R983,P1083,822,25,BOGO,Holiday,4145,1332,21
R984,P1084,949,26,Flash Sale,Off-Season,9553,1961,7
R985,P1085,562,12,Flash Sale,Off-Season,4720,4016,14
R986,P1086,950,11,Coupon,Holiday,5067,1659,21
R987,P1087,707,25,Flash Sale,Off-Season,5195,886,15
R988,P1088,473,14,Coupon,Peak,8281,2541,12
R989,P1089,705,10,Coupon,Holiday,3509,3053,5
R990,P1090,938,18,BOGO,Peak,6016,2218,17
R991,P1091,214,8,BOGO,Off-Season,7533,4550,25
R992,P1092,391,29,Discount,Off-Season,5727,3909,8
R993,P1093,830,17,BOGO,Peak,1681,1189,11
R994,P1094,684,24,BOGO,Off-Season,4932,1669,18
R995,P1095,227,21,Coupon,Holiday,6560,1452,9
R996,P1096,913,27,BOGO,Peak,5016,3996,28
R997,P1097,238,11,Coupon,Holiday,8339,4417,15
R998,P1098,472,8,Coupon,Peak,1719,2984,21
R999,P1099,430,18,BOGO,Off-Season,1074,2354,9
R1000,P1100,285,7,Discount,Peak,5157,3939,24
R1001,P1101,673,28,Discount,Peak,9511,3731,7
R1002,P1102,325,9,Flash Sale,Holiday,3149,3097,9
R1003,P1103,736,20,Flash Sale,Off-Season,7713,4483,19
R1004,P1104,344,27,BOGO,Holiday,5207,2691,23
R1005,P1105,724,24,Discount,Off-Season,8141,3135,20
R1006,P1106,411,8,Coupon,Holiday,9652,1156,12
R1007,P1107,224,28,Flash Sale,Peak,4936,4312,17
R1008,P1108,779,28,Coupon,Holiday,2075,3840,20
R1009,P1109,593,6,Flash Sale,Off-Season,4876,4411,7
R1010,P1110,266,22,BOGO,Off-Season,5615,2296,5
R1011,P1111,432,23,Discount,Peak,8265,4863,13
R1012,P1112,308,23,Flash Sale,Off-Season,7379,2262,13
R1013,P1113,345,21,Discount,Holiday,5652,4972,26
R1014,P1114,310,18,Coupon,Peak,7792,3785,21
R1015,P1115,427,23,BOGO,Off-Season,8456,2085,28
R1016,P1116,310,26,Discount,Off-Season,5674,4063,6
R1017,P1117,669,28,BOGO,Holiday,1541,2940,13
R1018,P1118,233,17,Discount,Holiday,3161,3600,28
R1019,P1119,822,16,Coupon,Peak,3251,3744,23
R1020,P1120,975,10,Coupon,Off-Season,5569,1540,17
R1021,P1121,568,25,BOGO,Holiday,3744,3627,9
R1022,P1122,947,8,Coupon,Peak,7041,2773,13
R1023,P1123,794,23,Flash Sale,Off-Season,5675,4129,17
R1024,P1124,753,20,Discount,Off-Season,2560,2614,5
R1025,P1125,624,17,Coupon,Peak,2164,2177,29
R1026,P1126,812,8,Flash Sale,Peak,6419,3594,19
R1027,P1127,717,27,BOGO,Holiday,3722,1498,8
R1028,P1128,891,21,Flash Sale,Off-Season,1470,2784,8
R1029,P1129,481,27,BOGO,Off-Season,2468,2089,24
R1030,P1130,519,5,BOGO,Off-Season,8925,1661,14
R1031,P1131,937,22,Discount,Peak,1808,3020,29
R1032,P1132,642,24,Discount,Holiday,9363,4355,10
R1033,P1133,514,21,Flash Sale,Off-Season,7719,1194,28
R1034,P1134,940,19,Discount,Peak,6073,4912,16
R1035,P1135,576,15,Discount,Off-Season,9012,4298,24
R1036,P1136,488,29,Discount,Holiday,2645,4183,20
R1037,P1137,636,26,Flash Sale,Off-Season,9249,2471,7
R1038,P1138,861,17,Coupon,Holiday,2129,2003,18
R1039,P1139,476,5,Discount,Holiday,2353,3749,5
R1040,P1140,909,21,Discount,Off-Season,1767,4718,14
R1041,P1141,781,10,Flash Sale,Off-Season,4895,3742,19
R1042,P1142,702,8,Coupon,Holiday,9874,2368,11
R1043,P1143,823,24,Discount,Peak,4454,2171,8
R1044,P1144,715,20,BOGO,Holiday,8329,1582,18
R1045,P1145,549,19,Flash Sale,Off-Season,2790,2228,28
R1046,P1146,645,19,Discount,Off-Season,1885,4351,20
R1047,P1147,549,10,Discount,Peak,8734,2642,18
R1048,P1148,806,19,BOGO,Holiday,4906,1648,7
R1049,P1149,863,18,BOGO,Holiday,5492,753,21
R1050,P1150,336,15,Flash Sale,Holiday,3073,4602,25
R1051,P1151,958,11,Flash Sale,Off-Season,1312,4042,18
R1052,P1152,442,13,BOGO,Holiday,7269,3275,22
R1053,P1153,742,20,Flash Sale,Peak,6317,3833,7
R1054,P1154,239,9,BOGO,Off-Season,1810,4684,26
R1055,P1155,428,29,Discount,Off-Season,7841,3779,23
R1056,P1156,747,24,BOGO,Holiday,3032,4808,7
R1057,P1157,422,14,BOGO,Peak,8129,3381,16
R1058,P1158,205,22,Coupon,Off-Season,3705,765,26
R1059,P1159,521,7,BOGO,Off-Season,9788,2840,9
R1060,P1160,667,17,BOGO,Holiday,3147,3648,14
R1061,P1161,931,15,Coupon,Holiday,1615,3859,13
R1062,P1162,274,21,Flash Sale,Peak,1947,1504,5
R1063,P1163,203,26,Coupon,Holiday,6677,2594,17
R1064,P1164,845,17,Discount,Peak,5651,3771,7
R1065,P1165,317,10,Coupon,Off-Season,8866,709,23
R1066,P1166,805,21,Discount,Peak,3013,1387,15
R1067,P1167,703,17,Flash Sale,Peak,4697,653,20
R1068,P1168,773,23,Coupon,Peak,1490,4093,10
R1069,P1169,640,25,Coupon,Off-Season,5350,914,28
R1070,P1170,393,23,Flash Sale,Holiday,3428,3924,7
R1071,P1171,914,14,Discount,Off-Season,5987,1784,23
R1072,P1172,591,7,Coupon,Holiday,9733,3648,10
R1073,P1173,225,18,Discount,Peak,5920,1268,12
R1074,P1174,634,23,Coupon,Peak,3926,1482,26
R1075,P1175,372,9,BOGO,Peak,8282,3702,17
R1076,P1176,499,9,Coupon,Peak,5376,4026,16
R1077,P1177,844,24,Flash Sale,Peak,5868,3287,14
R1078,P1178,525,21,Flash Sale,Holiday,7986,2710,7
R1079,P1179,609,25,Discount,Holiday,7862,1538,8
R1080,P1180,317,14,Coupon,Peak,5423,4432,5
R1081,P1181,986,9,Discount,Off-Season,7870,1041,17
R1082,P1182,923,8,Discount,Off-Season,9159,858,28
R1083,P1183,424,10,BOGO,Peak,3073,1349,8
R1084,P1184,731,8,BOGO,Holiday,7170,3044,26
R1085,P1185,312,11,Flash Sale,Off-Season,1701,2331,15
R1086,P1186,339,11,Discount,Off-Season,9113,1972,23
R1087,P1187,758,22,Flash Sale,Off-Season,7825,1936,15
R1088,P1188,200,7,Coupon,Peak,8867,829,16
R1089,P1189,289,5,Discount,Off-Season,5264,4854,15
R1090,P1190,853,28,Discount,Off-Season,8968,4738,10
R1091,P1191,519,29,Coupon,Off-Season,9146,4508,16
R1092,P1192,749,8,Coupon,Off-Season,8776,1888,13
R1093,P1193,338,10,Flash Sale,Holiday,9558,4685,29
R1094,P1194,710,13,Flash Sale,Peak,9719,1219,14
R1095,P1195,458,26,Coupon,Peak,5886,3735,7
R1096,P1196,872,18,Flash Sale,Holiday,4935,2631,7
R1097,P1197,889,16,Coupon,Holiday,5619,1600,24
R1098,P1198,209,29,Discount,Peak,6191,1172,27
R1099,P1199,460,24,Discount,Off-Season,7875,1016,20
R1100,P1200,849,28,BOGO,Off-Season,8856,3032,7
R1101,P1201,371,29,Discount,Peak,6401,4170,14
R1102,P1202,212,8,Coupon,Off-Season,4022,1281,28
R1103,P1203,367,25,Flash Sale,Holiday,6738,4023,15
R1104,P1204,841,28,BOGO,Off-Season,6984,4058,12
R1105,P1205,795,16,Flash Sale,Off-Season,2770,2886,10
R1106,P1206,520,14,Coupon,Off-Season,9989,2089,24
R1107,P1207,518,26,Discount,Peak,4215,2001,15
R1108,P1208,812,11,BOGO,Holiday,7694,4294,25
R1109,P1209,528,7,Coupon,Off-Season,3976,4818,16
R1110,P1210,984,27,BOGO,Peak,4737,3580,20
R1111,P1211,976,18,BOGO,Off-Season,1752,1576,22
R1112,P1212,749,28,Discount,Holiday,2392,1600,17
R1113,P1213,618,14,Coupon,Off-Season,7789,1002,26
R1114,P1214,805,20,Flash Sale,Holiday,1677,1839,7
R1115,P1215,294,20,BOGO,Off-Season,1105,4385,19
R1116,P1216,780,26,BOGO,Holiday,5753,1123,26
R1117,P1217,517,14,Flash Sale,Off-Season,2946,2386,25
R1118,P1218,435,29,Coupon,Holiday,6544,3850,18
R1119,P1219,533,17,BOGO,Off-Season,2095,1550,22
R1120,P1220,575,10,BOGO,Off-Season,7985,4272,18
R1121,P1221,658,16,BOGO,Peak,2782,4416,9
R1122,P1222,336,13,Coupon,Peak,5541,4518,25
R1123,P1223,787,17,Coupon,Holiday,4257,1829,18
R1124,P1224,746,8,Flash Sale,Off-Season,7213,4614,29
R1125,P1225,712,28,Coupon,Holiday,5869,3867,12
R1126,P1226,495,15,Coupon,Peak,2561,4451,27
R1127,P1227,519,24,Discount,Holiday,5006,2997,19
R1128,P1228,771,22,Flash Sale,Holiday,4981,2073,19
R1129,P1229,548,15,BOGO,Peak,6682,3134,23
R1130,P1230,978,29,Coupon,Off-Season,6782,3268,24
R1131,P1231,428,25,BOGO,Holiday,1943,1711,10
R1132,P1232,469,8,BOGO,Peak,5550,1275,23
R1133,P1233,997,22,Discount,Off-Season,1600,1660,29
R1134,P1234,490,5,Coupon,Peak,7376,2883,12
R1135,P1235,924,11,Flash Sale,Holiday,2524,3154,10
R1136,P1236,364,10,Coupon,Off-Season,4766,4040,24
R1137,P1237,204,19,BOGO,Off-Season,1250,1595,27
R1138,P1238,578,22,Flash Sale,Peak,1078,523,19
R1139,P1239,277,28,Coupon,Peak,4123,4056,7
R1140,P1240,609,15,BOGO,Peak,8064,1579,14
R1141,P1241,773,24,BOGO,Off-Season,9417,4818,19
R1142,P1242,331,28,Discount,Off-Season,2209,678,28
R1143,P1243,800,19,Discount,Holiday,6153,3347,20
R1144,P1244,948,20,Discount,Off-Season,5898,2460,21
R1145,P1245,241,11,BOGO,Holiday,3178,1973,23
R1146,P1246,288,25,Coupon,Peak,8610,1712,15
R1147,P1247,601,14,Discount,Peak,9895,1309,20
R1148,P1248,495,16,Coupon,Off-Season,3544,919,9
R1149,P1249,494,28,Discount,Peak,6522,4159,9
R1150,P1250,815,18,Flash Sale,Peak,3370,4316,18
R1151,P1251,725,29,Flash Sale,Off-Season,4281,1778,22
R1152,P1252,999,9,Discount,Holiday,5710,3023,12
R1153,P1253,890,25,BOGO,Off-Season,1328,1940,9
R1154,P1254,836,22,Discount,Holiday,6579,1840,11
R1155,P1255,621,9,Discount,Off-Season,5228,2721,20
R1156,P1256,222,7,BOGO,Off-Season,7794,2892,27
R1157,P1257,774,27,Flash Sale,Peak,1120,1861,18
R1158,P1258,342,9,Coupon,Off-Season,7749,1091,9
R1159,P1259,864,28,Discount,Off-Season,1964,1026,28
R1160,P1260,344,21,BOGO,Holiday,5224,3003,13
R1161,P1261,424,23,Discount,Peak,4675,1792,8
R1162,P1262,702,23,BOGO,Holiday,6694,2154,8
R1163,P1263,815,29,Coupon,Holiday,3076,687,20
R1164,P1264,303,25,Coupon,Peak,7865,3258,28
R1165,P1265,238,16,Flash Sale,Peak,6643,1028,21
R1166,P1266,397,29,BOGO,Peak,9524,933,19
R1167,P1267,845,13,BOGO,Off-Season,6249,4012,8
R1168,P1268,778,5,Flash Sale,Peak,2316,2304,10
R1169,P1269,590,22,Flash Sale,Peak,2196,802,20
R1170,P1270,378,25,BOGO,Peak,4170,4682,8
R1171,P1271,753,8,Flash Sale,Holiday,1355,937,10
R1172,P1272,647,14,Coupon,Holiday,1028,3088,9
R1173,P1273,699,29,Discount,Off-Season,2013,1332,20
R1174,P1274,214,11,Coupon,Holiday,3024,1296,29
R1175,P1275,822,26,Flash Sale,Off-Season,9490,1059,20
R1176,P1276,868,27,BOGO,Holiday,6839,4088,14
R1177,P1277,488,5,BOGO,Peak,6791,1261,13
R1178,P1278,677,21,Coupon,Holiday,1754,4074,8
R1179,P1279,430,28,BOGO,Off-Season,9961,4285,18
R1180,P1280,619,6,Flash Sale,Holiday,4735,3014,8
R1181,P1281,356,15,Coupon,Peak,2238,1184,16
R1182,P1282,749,13,BOGO,Off-Season,2906,4733,28
R1183,P1283,640,11,Discount,Peak,8399,1077,14
R1184,P1284,296,26,Discount,Peak,8961,727,8
R1185,P1285,610,21,Flash Sale,Off-Season,5601,2828,22
R1186,P1286,488,21,BOGO,Peak,2460,3231,17
R1187,P1287,453,6,Flash Sale,Peak,8669,1327,17
R1188,P1288,395,10,Coupon,Holiday,2416,930,18
R1189,P1289,797,18,Discount,Peak,8766,1563,22
R1190,P1290,721,10,Coupon,Peak,2428,2209,5
R1191,P1291,716,6,BOGO,Peak,5378,1734,25
R1192,P1292,834,5,Flash Sale,Peak,8529,801,20
R1193,P1293,317,14,Flash Sale,Off-Season,5474,1920,19
R1194,P1294,358,25,Flash Sale,Holiday,4071,1268,26
R1195,P1295,427,9,Coupon,Peak,1555,1904,29
R1196,P1296,415,6,Discount,Peak,9547,943,9
R1197,P1297,895,26,Coupon,Off-Season,2563,3604,10
R1198,P1298,214,20,Coupon,Peak,2040,4855,10
R1199,P1299,356,29,BOGO,Off-Season,3686,3805,7
R1200,P1300,847,6,BOGO,Holiday,3553,2038,20
R1201,P1301,460,14,BOGO,Holiday,2779,4430,16
R1202,P1302,356,6,Discount,Peak,1075,1831,8
R1203,P1303,246,20,Discount,Peak,5326,569,5
R1204,P1304,523,20,BOGO,Peak,6835,3935,8
R1205,P1305,884,23,BOGO,Off-Season,6057,980,5
R1206,P1306,329,11,Discount,Peak,3349,4594,25
R1207,P1307,610,26,Flash Sale,Peak,3773,3996,12
R1208,P1308,294,16,Discount,Holiday,3262,3293,28
R1209,P1309,826,28,Discount,Peak,4229,3392,9
R1210,P1310,954,19,Discount,Holiday,1392,1698,6
R1211,P1311,491,12,BOGO,Peak,2108,2872,16
R1212,P1312,993,10,Flash Sale,Holiday,5362,2392,26
R1213,P1313,482,14,Discount,Peak,6188,2383,21
R1214,P1314,268,7,BOGO,Holiday,9802,1297,11
R1215,P1315,859,23,Coupon,Off-Season,6057,517,15
R1216,P1316,210,21,Coupon,Holiday,4998,543,8
R1217,P1317,453,11,Discount,Holiday,9864,654,9
R1218,P1318,749,25,Coupon,Holiday,7566,3948,10
R1219,P1319,333,24,Flash Sale,Peak,4677,4580,15
R1220,P1320,911,8,Coupon,Peak,6796,1925,5
R1221,P1321,222,18,Coupon,Peak,7363,4820,29
R1222,P1322,545,24,Flash Sale,Off-Season,9123,4812,14
R1223,P1323,501,26,Discount,Off-Season,9222,4139,24
R1224,P1324,562,19,Discount,Holiday,8690,4626,28
R1225,P1325,595,28,Flash Sale,Off-Season,2400,2392,25
R1226,P1326,417,12,Flash Sale,Holiday,5071,1397,15
R1227,P1327,340,25,Flash Sale,Holiday,9808,3924,28
R1228,P1328,815,19,Coupon,Holiday,3786,1758,21
R1229,P1329,409,26,Flash Sale,Off-Season,8169,2515,12
R1230,P1330,822,24,BOGO,Peak,1870,2202,17
R1231,P1331,815,18,Coupon,Off-Season,5196,1373,24
R1232,P1332,882,13,Discount,Holiday,3739,1065,22
R1233,P1333,659,12,Discount,Holiday,1940,2518,26
R1234,P1334,555,21,Discount,Off-Season,1340,2385,20
R1235,P1335,523,6,Coupon,Holiday,8422,2623,6
R1236,P1336,332,29,BOGO,Holiday,5133,2814,9
R1237,P1337,326,28,Flash Sale,Off-Season,1659,4912,22
R1238,P1338,305,7,Flash Sale,Off-Season,4457,4383,7
R1239,P1339,803,12,Discount,Off-Season,3975,3692,26
R1240,P1340,998,16,Discount,Holiday,1453,2359,21
R1241,P1341,577,5,Coupon,Holiday,9184,524,20
R1242,P1342,250,14,BOGO,Peak,6442,4003,10
R1243,P1343,228,24,Flash Sale,Peak,1818,4755,23
R1244,P1344,661,7,Coupon,Off-Season,5868,1637,11
R1245,P1345,495,10,Flash Sale,Peak,1012,1689,22
R1246,P1346,496,11,Discount,Holiday,8727,4596,18
R1247,P1347,925,24,Flash Sale,Peak,1920,3657,10
R1248,P1348,978,27,BOGO,Holiday,5920,2867,12
R1249,P1349,606,29,BOGO,Off-Season,3418,4977,19
R1250,P1350,968,22,Discount,Off-Season,7475,2241,19
R1251,P1351,812,15,BOGO,Holiday,3017,4188,19
R1252,P1352,604,23,BOGO,Peak,8957,4246,20
R1253,P1353,545,9,Coupon,Off-Season,5792,1397,5
R1254,P1354,821,23,Flash Sale,Off-Season,7830,4523,15
R1255,P1355,619,15,Discount,Peak,3434,1216,29
R1256,P1356,381,28,Discount,Peak,3868,4467,9
R1257,P1357,200,16,Discount,Holiday,2438,4521,9
R1258,P1358,766,14,Discount,Peak,4543,3715,25
R1259,P1359,570,12,Discount,Peak,2781,890,10
R1260,P1360,860,28,BOGO,Peak,7343,4384,6
R1261,P1361,630,13,Coupon,Holiday,3263,2199,10
R1262,P1362,508,8,Discount,Holiday,1211,3537,18
R1263,P1363,336,9,Coupon,Off-Season,9699,732,15
R1264,P1364,401,25,Coupon,Holiday,7159,2426,8
R1265,P1365,635,12,BOGO,Off-Season,8027,3631,28
R1266,P1366,512,27,Discount,Peak,1331,3806,29
R1267,P1367,316,13,BOGO,Off-Season,7860,3224,13
R1268,P1368,865,19,Discount,Off-Season,9044,733,28
R1269,P1369,774,19,BOGO,Peak,9169,1891,7
R1270,P1370,443,20,Coupon,Off-Season,9742,3392,20
R1271,P1371,736,18,Discount,Holiday,6720,1755,15
R1272,P1372,801,12,Flash Sale,Holiday,1727,3038,8
R1273,P1373,274,22,Coupon,Holiday,5975,4190,5
R1274,P1374,585,14,Flash Sale,Holiday,4243,1389,29
R1275,P1375,409,24,Coupon,Off-Season,1648,1245,25
R1276,P1376,674,10,BOGO,Off-Season,6095,2219,26
R1277,P1377,617,16,Discount,Peak,7614,927,20
R1278,P1378,546,6,Coupon,Off-Season,8135,1231,23
R1279,P1379,728,11,BOGO,Off-Season,2009,1299,20
R1280,P1380,839,20,Discount,Off-Season,2550,4797,15
R1281,P1381,962,7,Discount,Peak,9995,1335,12
R1282,P1382,378,17,Coupon,Holiday,8492,634,27
R1283,P1383,381,7,Discount,Off-Season,4401,3038,5
R1284,P1384,863,22,Coupon,Peak,8447,4218,25
R1285,P1385,224,15,Discount,Peak,6424,540,13
R1286,P1386,379,12,Flash Sale,Peak,5241,3867,16
R1287,P1387,909,10,BOGO,Holiday,4161,2915,26
R1288,P1388,700,5,Flash Sale,Off-Season,5155,2540,12
R1289,P1389,360,5,Coupon,Peak,8478,4839,21
R1290,P1390,376,27,Flash Sale,Holiday,9719,3449,14
R1291,P1391,484,12,Coupon,Peak,7617,4761,11
R1292,P1392,262,9,Discount,Peak,6660,3966,23
R1293,P1393,861,20,Discount,Peak,9624,3588,29
R1294,P1394,865,15,Coupon,Peak,2176,1615,10
R1295,P1395,355,9,Flash Sale,Peak,8956,3090,25
R1296,P1396,668,8,Discount,Holiday,9592,4073,28
R1297,P1397,248,10,BOGO,Off-Season,3233,3478,28
R1298,P1398,283,18,Discount,Off-Season,5700,2947,23
R1299,P1399,560,26,BOGO,Off-Season,6906,1730,22
R1300,P1400,888,23,Flash Sale,Off-Season,8860,3166,19
R1301,P1401,347,13,BOGO,Holiday,8526,4758,6
R1302,P1402,829,16,BOGO,Holiday,6559,3094,18
R1303,P1403,541,15,BOGO,Holiday,7732,3930,25
R1304,P1404,675,18,BOGO,Peak,3513,3417,14
R1305,P1405,262,27,Discount,Peak,8830,3452,20
R1306,P1406,900,20,BOGO,Peak,7944,2495,11
R1307,P1407,559,5,Discount,Off-Season,8910,4391,12
R1308,P1408,760,17,BOGO,Peak,6649,806,14
R1309,P1409,526,27,Coupon,Off-Season,2096,1862,19
R1310,P1410,968,25,Flash Sale,Peak,2951,2602,12
R1311,P1411,935,25,BOGO,Off-Season,8799,3530,17
R1312,P1412,340,17,Coupon,Peak,9804,832,16
R1313,P1413,414,6,BOGO,Peak,1595,3252,12
R1314,P1414,634,8,BOGO,Holiday,8875,742,19
R1315,P1415,922,10,BOGO,Peak,5439,2384,16
R1316,P1416,517,27,Coupon,Peak,6972,1932,15
R1317,P1417,231,9,Flash Sale,Holiday,1858,3050,23
R1318,P1418,869,29,Coupon,Off-Season,6519,802,18
R1319,P1419,484,7,Flash Sale,Holiday,8385,4830,22
R1320,P1420,504,5,BOGO,Holiday,9636,3609,17
R1321,P1421,628,8,Discount,Off-Season,5317,2686,8
R1322,P1422,676,29,BOGO,Peak,4454,4790,21
R1323,P1423,485,24,Flash Sale,Off-Season,2030,2050,23
R1324,P1424,343,6,Coupon,Peak,8906,2292,13
R1325,P1425,623,9,BOGO,Peak,2447,1146,27
R1326,P1426,218,7,Coupon,Off-Season,3850,1212,11
R1327,P1427,217,13,Coupon,Holiday,9106,1037,5
R1328,P1428,968,24,Coupon,Off-Season,8151,734,11
R1329,P1429,789,10,BOGO,Peak,7952,2896,11
R1330,P1430,570,22,Coupon,Off-Season,5055,2004,24
R1331,P1431,374,10,Coupon,Off-Season,6402,1874,11
R1332,P1432,393,23,BOGO,Peak,2672,2409,12
R1333,P1433,701,16,Coupon,Holiday,5532,1415,20
R1334,P1434,312,29,BOGO,Off-Season,5924,4458,7
R1335,P1435,313,15,Flash Sale,Peak,7085,580,17
R1336,P1436,421,6,Flash Sale,Peak,8734,2583,14
R1337,P1437,877,19,Flash Sale,Off-Season,5864,3188,22
R1338,P1438,843,16,Coupon,Holiday,2221,2190,11
R1339,P1439,463,16,Discount,Off-Season,3860,1256,25
R1340,P1440,254,13,Discount,Holiday,9428,3170,25
R1341,P1441,842,25,Coupon,Holiday,4253,4251,9
R1342,P1442,999,28,Discount,Holiday,4782,4052,27
R1343,P1443,977,6,BOGO,Holiday,7957,967,29
R1344,P1444,657,26,Discount,Off-Season,1766,1994,28
R1345,P1445,361,7,Coupon,Peak,3681,1519,26
R1346,P1446,579,16,Coupon,Peak,8710,1401,11
R1347,P1447,286,20,BOGO,Peak,8482,1172,29
R1348,P1448,254,25,Flash Sale,Peak,6086,938,26
R1349,P1449,675,28,Coupon,Peak,8964,4722,21
R1350,P1450,999,5,BOGO,Peak,3665,2576,8
R1351,P1451,377,25,Discount,Off-Season,4513,944,28
R1352,P1452,590,7,Discount,Holiday,1495,1465,27
R1353,P1453,548,24,BOGO,Peak,6822,4290,20
R1354,P1454,207,6,BOGO,Off-Season,3072,963,23
R1355,P1455,512,13,Coupon,Peak,8795,2698,14
R1356,P1456,958,23,Discount,Peak,9529,2787,7
R1357,P1457,642,19,BOGO,Holiday,4949,4265,7
R1358,P1458,966,22,Discount,Holiday,7033,3676,21
R1359,P1459,527,15,BOGO,Holiday,9328,4508,14
R1360,P1460,253,29,Discount,Peak,3555,4004,21
R1361,P1461,960,27,Flash Sale,Peak,7370,1412,26
R1362,P1462,438,20,Coupon,Peak,5415,996,21
R1363,P1463,428,26,Discount,Holiday,6959,1963,25
R1364,P1464,778,21,Flash Sale,Off-Season,6993,4753,8
R1365,P1465,250,9,Discount,Peak,6021,4767,25
R1366,P1466,808,16,Discount,Peak,3907,993,27
R1367,P1467,803,15,Flash Sale,Peak,3914,1926,10
R1368,P1468,463,19,Discount,Off-Season,4870,2192,16
R1369,P1469,617,7,Discount,Peak,6085,2293,29
R1370,P1470,295,5,Coupon,Off-Season,7546,3223,26
R1371,P1471,287,24,Flash Sale,Peak,1395,1158,29
R1372,P1472,277,20,Flash Sale,Off-Season,1938,4962,24
R1373,P1473,487,6,BOGO,Peak,3510,1049,21
R1374,P1474,319,6,Discount,Holiday,5636,1142,21
R1375,P1475,690,7,Coupon,Holiday,2649,4850,14
R1376,P1476,651,12,Discount,Holiday,4690,707,11
R1377,P1477,699,28,Discount,Holiday,4435,2997,20
R1378,P1478,364,19,BOGO,Peak,4201,4690,17
R1379,P1479,381,11,Discount,Holiday,5179,2383,7
R1380,P1480,668,10,Coupon,Off-Season,9405,3386,6
R1381,P1481,934,13,Coupon,Holiday,4237,977,20
R1382,P1482,206,24,BOGO,Holiday,4862,1261,10
R1383,P1483,529,5,Discount,Holiday,1058,689,10
R1384,P1484,974,12,Coupon,Peak,5938,1255,17
R1385,P1485,872,27,Discount,Holiday,3971,1946,11
R1386,P1486,350,27,Discount,Off-Season,9314,2163,9
R1387,P1487,284,7,Discount,Holiday,4345,2335,28
R1388,P1488,346,8,BOGO,Holiday,3486,4728,11
R1389,P1489,823,29,Discount,Holiday,1561,4650,6
R1390,P1490,580,19,Coupon,Off-Season,4981,4560,21
R1391,P1491,747,10,Discount,Holiday,7261,4112,17
R1392,P1492,484,19,Coupon,Off-Season,2737,2189,29
R1393,P1493,899,25,Discount,Off-Season,4554,1816,25
R1394,P1494,281,7,Coupon,Holiday,8095,3686,25
R1395,P1495,713,29,Coupon,Off-Season,9266,4520,20
R1396,P1496,908,25,Discount,Peak,1294,4854,24
R1397,P1497,722,25,Discount,Holiday,9212,1645,6
R1398,P1498,945,18,Coupon,Holiday,6330,4894,9
R1399,P1499,585,24,Flash Sale,Off-Season,5655,1060,22
R1400,P1500,906,18,BOGO,Off-Season,2109,2412,11
R1401,P1501,670,8,Flash Sale,Holiday,4771,2364,15
R1402,P1502,318,16,Flash Sale,Peak,9563,796,29
R1403,P1503,595,21,Discount,Off-Season,7123,2909,29
R1404,P1504,731,11,BOGO,Off-Season,8647,3136,15
R1405,P1505,460,13,Flash Sale,Peak,2174,1961,26
R1406,P1506,455,7,Discount,Peak,2164,4792,21
R1407,P1507,933,17,Flash Sale,Holiday,9712,2768,20
R1408,P1508,425,19,Flash Sale,Peak,5466,1494,17
R1409,P1509,252,22,Discount,Holiday,6538,507,26
R1410,P1510,699,23,Discount,Peak,8111,3091,9
R1411,P1511,705,5,Discount,Off-Season,9434,3015,24
R1412,P1512,563,10,BOGO,Holiday,3800,4915,20
R1413,P1513,479,27,Flash Sale,Holiday,5607,1917,26
R1414,P1514,792,6,Discount,Holiday,8262,2816,26
R1415,P1515,913,28,Coupon,Peak,2541,4432,20
R1416,P1516,357,18,Flash Sale,Off-Season,3765,1787,20
R1417,P1517,831,10,Coupon,Holiday,5491,3344,18
R1418,P1518,258,18,BOGO,Holiday,4083,1618,10
R1419,P1519,926,8,Discount,Holiday,6356,1052,6
R1420,P1520,327,25,Coupon,Holiday,2857,1160,18
R1421,P1521,935,12,BOGO,Off-Season,1769,1215,20
R1422,P1522,920,7,Discount,Peak,2422,4085,27
R1423,P1523,314,23,Coupon,Off-Season,9598,4261,24
R1424,P1524,408,18,Coupon,Holiday,3972,3029,17
R1425,P1525,725,24,BOGO,Off-Season,2872,4470,19
R1426,P1526,720,21,Discount,Holiday,6599,3907,16
R1427,P1527,751,29,Discount,Peak,3269,1958,13
R1428,P1528,436,12,Coupon,Peak,6275,3767,22
R1429,P1529,480,28,Coupon,Peak,5749,1354,25
R1430,P1530,558,18,Coupon,Holiday,7571,4037,18
R1431,P1531,400,10,Discount,Off-Season,6072,2397,24
R1432,P1532,957,27,BOGO,Peak,6463,772,29
R1433,P1533,477,26,BOGO,Holiday,8450,4587,8
R1434,P1534,434,20,Discount,Holiday,9420,1772,12
R1435,P1535,693,29,Flash Sale,Off-Season,4959,4874,12
R1436,P1536,203,23,BOGO,Peak,2313,4519,26
R1437,P1537,865,18,Coupon,Holiday,8847,1315,26
R1438,P1538,641,23,Flash Sale,Off-Season,2070,4871,20
R1439,P1539,228,7,Flash Sale,Peak,4285,1422,28
R1440,P1540,308,14,BOGO,Off-Season,9949,1764,14
R1441,P1541,809,23,Flash Sale,Off-Season,4095,4224,29
R1442,P1542,926,13,Flash Sale,Holiday,1320,3287,25
R1443,P1543,274,24,BOGO,Holiday,3321,3222,21
R1444,P1544,345,17,BOGO,Holiday,1555,4723,5
R1445,P1545,327,11,Flash Sale,Off-Season,5939,3050,22
R1446,P1546,241,18,Coupon,Holiday,6432,3449,14
R1447,P1547,555,13,Discount,Off-Season,2386,2173,25
R1448,P1548,240,27,Flash Sale,Off-Season,5763,3592,8
R1449,P1549,233,29,Flash Sale,Holiday,7854,3338,5
R1450,P1550,216,23,Coupon,Peak,8637,2166,8
R1451,P1551,876,19,Flash Sale,Peak,5841,2695,8
R1452,P1552,352,24,Flash Sale,Peak,4867,1884,8
R1453,P1553,577,18,Discount,Off-Season,4793,4903,21
R1454,P1554,787,28,Discount,Off-Season,8373,4454,13
R1455,P1555,798,10,Discount,Off-Season,3513,3399,23
R1456,P1556,828,25,BOGO,Holiday,4803,560,17
R1457,P1557,541,8,BOGO,Off-Season,3327,4447,8
R1458,P1558,226,12,Discount,Holiday,9809,2790,9
R1459,P1559,486,21,Discount,Holiday,3165,972,17
R1460,P1560,845,13,BOGO,Peak,4308,1458,27
R1461,P1561,930,5,Coupon,Peak,7452,1032,20
R1462,P1562,367,28,Flash Sale,Peak,9067,993,26
R1463,P1563,809,24,Flash Sale,Holiday,8642,581,9
R1464,P1564,467,29,Discount,Holiday,7404,3470,12
R1465,P1565,948,18,Coupon,Holiday,1992,511,20
R1466,P1566,654,15,BOGO,Off-Season,6424,1261,5
R1467,P1567,884,25,Discount,Holiday,5381,3685,27
R1468,P1568,600,7,Coupon,Peak,4174,525,10
R1469,P1569,675,13,Coupon,Peak,5782,2306,15
R1470,P1570,901,18,Coupon,Holiday,6560,4657,20
R1471,P1571,833,13,BOGO,Holiday,8460,4824,9
R1472,P1572,757,8,BOGO,Peak,4078,4159,20
R1473,P1573,775,8,Flash Sale,Holiday,3983,2025,11
R1474,P1574,329,12,Flash Sale,Peak,8259,1260,23
R1475,P1575,562,6,Coupon,Off-Season,7054,1094,5
R1476,P1576,904,13,Coupon,Peak,3523,1555,13
R1477,P1577,892,18,BOGO,Off-Season,5581,2354,22
R1478,P1578,491,26,Flash Sale,Holiday,6609,3583,17
R1479,P1579,570,13,Coupon,Holiday,3001,4416,19
R1480,P1580,993,28,Flash Sale,Off-Season,2387,4175,7
R1481,P1581,228,27,Flash Sale,Holiday,7552,2548,28
R1482,P1582,348,20,Coupon,Off-Season,2030,1958,14
R1483,P1583,978,21,BOGO,Holiday,2220,1719,13
R1484,P1584,495,20,Coupon,Peak,7035,4728,17
R1485,P1585,210,16,Coupon,Holiday,7523,4681,20
R1486,P1586,711,7,Flash Sale,Peak,9074,1999,7
R1487,P1587,875,15,Coupon,Peak,1834,2330,26
R1488,P1588,312,18,BOGO,Off-Season,2724,3895,27
R1489,P1589,386,22,Coupon,Holiday,7598,1703,19
R1490,P1590,943,25,BOGO,Off-Season,3413,4770,21
R1491,P1591,426,25,BOGO,Holiday,6993,3310,18
R1492,P1592,509,9,Flash Sale,Peak,5498,3592,11
R1493,P1593,297,20,Discount,Peak,3105,3544,24
R1494,P1594,254,24,Discount,Holiday,3568,4014,20
R1495,P1595,822,9,Flash Sale,Holiday,1209,2298,25
R1496,P1596,863,7,Coupon,Off-Season,5911,3075,12
R1497,P1597,957,16,Flash Sale,Holiday,3220,644,8
R1498,P1598,605,5,BOGO,Holiday,1233,4426,24
R1499,P1599,268,25,Discount,Holiday,1792,1877,28
R1500,P1600,511,13,Flash Sale,Off-Season,4110,3646,19
R1501,P1601,488,13,Coupon,Holiday,3166,2325,9
R1502,P1602,961,8,Flash Sale,Peak,9526,1293,17
R1503,P1603,747,7,Discount,Off-Season,6193,2101,10
R1504,P1604,950,21,Flash Sale,Off-Season,2214,4914,9
R1505,P1605,347,6,Flash Sale,Peak,5419,1610,21
R1506,P1606,666,28,Discount,Peak,8314,4553,11
R1507,P1607,938,5,BOGO,Peak,9475,4437,10
R1508,P1608,443,12,BOGO,Holiday,1212,4463,6
R1509,P1609,690,17,Discount,Peak,2658,1282,15
R1510,P1610,706,27,Flash Sale,Holiday,6024,1616,11
R1511,P1611,564,19,Discount,Off-Season,6917,2250,26
R1512,P1612,681,12,BOGO,Off-Season,6141,3076,25
R1513,P1613,400,16,Coupon,Peak,2794,4527,12
R1514,P1614,353,26,Flash Sale,Holiday,6988,3836,9
R1515,P1615,649,16,BOGO,Peak,9296,4887,22
R1516,P1616,700,18,Flash Sale,Peak,6578,1987,26
R1517,P1617,272,19,Discount,Holiday,6551,4375,20
R1518,P1618,912,19,Coupon,Peak,4845,4131,18
R1519,P1619,495,13,Discount,Off-Season,7906,4692,16
R1520,P1620,216,23,Coupon,Peak,1378,4458,21
R1521,P1621,840,24,Flash Sale,Holiday,4293,3897,9
R1522,P1622,416,26,Flash Sale,Holiday,4329,573,18
R1523,P1623,260,12,Discount,Off-Season,5808,1859,10
R1524,P1624,815,25,Coupon,Holiday,8937,1591,19
R1525,P1625,241,23,Coupon,Holiday,1224,2441,11
R1526,P1626,224,10,Flash Sale,Off-Season,1737,3648,18
R1527,P1627,238,24,Discount,Peak,1235,4803,22
R1528,P1628,330,29,Coupon,Off-Season,1711,1744,5
R1529,P1629,697,23,Flash Sale,Peak,6988,1785,10
R1530,P1630,428,8,BOGO,Off-Season,2888,3536,7
R1531,P1631,307,27,Discount,Peak,8173,1270,9
R1532,P1632,371,11,BOGO,Off-Season,2259,2343,16
R1533,P1633,634,8,Discount,Peak,6246,573,15
R1534,P1634,677,26,Flash Sale,Off-Season,8271,2160,17
R1535,P1635,301,16,Coupon,Peak,1748,4849,20
R1536,P1636,723,17,Coupon,Off-Season,4551,1319,22
R1537,P1637,474,7,Coupon,Holiday,7400,4318,21
R1538,P1638,812,26,Discount,Peak,7643,831,21
R1539,P1639,243,16,Flash Sale,Off-Season,9701,1921,15
R1540,P1640,216,6,BOGO,Peak,2823,4155,24
R1541,P1641,529,28,Flash Sale,Peak,7852,2191,14
R1542,P1642,768,6,BOGO,Off-Season,8777,4908,20
R1543,P1643,696,27,Discount,Peak,5232,727,6
R1544,P1644,211,13,Discount,Off-Season,7519,3381,21
R1545,P1645,517,5,BOGO,Holiday,2777,3365,26
R1546,P1646,791,12,BOGO,Peak,2222,3075,24
R1547,P1647,415,27,BOGO,Holiday,8630,964,14
R1548,P1648,538,10,Flash Sale,Peak,2777,777,17
R1549,P1649,975,10,BOGO,Peak,8490,4614,16
R1550,P1650,860,26,Discount,Peak,5859,565,19
R1551,P1651,280,29,Discount,Off-Season,9893,4762,11
R1552,P1652,926,22,Coupon,Holiday,9118,902,26
R1553,P1653,684,21,BOGO,Peak,3989,4483,25
R1554,P1654,573,16,Flash Sale,Off-Season,9343,3978,17
R1555,P1655,909,10,Flash Sale,Peak,2325,3944,16
R1556,P1656,399,12,Flash Sale,Off-Season,6127,4919,16
R1557,P1657,736,23,Coupon,Peak,9998,3539,6
R1558,P1658,665,14,Discount,Holiday,3722,1937,9
R1559,P1659,288,5,Flash Sale,Holiday,5656,928,29
R1560,P1660,467,29,Discount,Peak,2325,3182,29
R1561,P1661,854,17,Coupon,Off-Season,5133,3277,6
R1562,P1662,770,21,BOGO,Peak,3869,3878,27
R1563,P1663,688,7,BOGO,Off-Season,2242,892,24
R1564,P1664,737,12,BOGO,Peak,9539,841,17
R1565,P1665,246,18,Flash Sale,Off-Season,2831,632,7
R1566,P1666,487,7,BOGO,Holiday,2569,764,15
R1567,P1667,977,20,Flash Sale,Peak,8246,4688,20
R1568,P1668,215,17,Coupon,Holiday,2918,2185,5
R1569,P1669,910,24,Coupon,Holiday,7416,1934,23
R1570,P1670,600,28,Flash Sale,Peak,4232,2160,15
R1571,P1671,993,21,Discount,Peak,4758,4317,13
R1572,P1672,285,17,BOGO,Off-Season,6997,2854,18
R1573,P1673,449,10,BOGO,Off-Season,3355,765,13
R1574,P1674,590,21,BOGO,Holiday,2824,1636,11
R1575,P1675,981,18,Flash Sale,Off-Season,8280,1890,20
R1576,P1676,534,21,Coupon,Off-Season,5060,1612,7
R1577,P1677,828,12,BOGO,Peak,6324,2734,23
R1578,P1678,718,15,Coupon,Off-Season,1404,3366,8
R1579,P1679,336,24,BOGO,Holiday,2721,3568,11
R1580,P1680,887,5,BOGO,Off-Season,6316,2679,27
R1581,P1681,697,11,Flash Sale,Holiday,4845,1134,16
R1582,P1682,926,25,Discount,Peak,5210,4131,22
R1583,P1683,676,25,Flash Sale,Holiday,1064,1899,9
R1584,P1684,793,21,BOGO,Off-Season,7382,3239,27
R1585,P1685,422,14,BOGO,Peak,1968,3670,27
R1586,P1686,571,15,Discount,Off-Season,1368,2365,26
R1587,P1687,601,26,Coupon,Peak,9424,2455,14
R1588,P1688,642,13,Coupon,Peak,3242,2718,16
R1589,P1689,689,13,BOGO,Off-Season,6002,1889,12
R1590,P1690,814,28,Coupon,Off-Season,4083,3630,23
R1591,P1691,472,9,BOGO,Peak,9073,4776,19
R1592,P1692,725,21,Discount,Peak,9880,4614,5
R1593,P1693,358,13,Discount,Off-Season,2469,1749,7
R1594,P1694,351,21,BOGO,Holiday,5725,3666,22
R1595,P1695,819,28,Discount,Off-Season,5259,1745,22
R1596,P1696,387,25,Flash Sale,Peak,4622,553,6
R1597,P1697,297,23,Flash Sale,Off-Season,1823,3410,9
R1598,P1698,330,11,Discount,Holiday,4431,2896,5
R1599,P1699,370,27,BOGO,Off-Season,7528,942,14
R1600,P1700,382,13,BOGO,Peak,5151,4111,24
R1601,P1701,563,11,Discount,Off-Season,5213,4877,14
R1602,P1702,238,17,Coupon,Peak,8420,2907,9
R1603,P1703,726,15,Flash Sale,Peak,9989,1322,22
R1604,P1704,696,18,Coupon,Off-Season,1779,4202,25
R1605,P1705,715,23,BOGO,Peak,3892,3439,19
R1606,P1706,548,15,BOGO,Peak,6534,1531,24
R1607,P1707,596,17,Coupon,Holiday,4306,2516,12
R1608,P1708,921,18,Discount,Holiday,3902,1062,21
R1609,P1709,360,17,Coupon,Holiday,4718,3038,16
R1610,P1710,215,5,Coupon,Holiday,1021,840,25
R1611,P1711,692,12,Flash Sale,Peak,2500,4275,16
R1612,P1712,625,16,Flash Sale,Off-Season,4641,2796,5
R1613,P1713,307,23,Coupon,Peak,6212,734,8
R1614,P1714,649,16,Coupon,Peak,1191,1616,12
R1615,P1715,510,12,BOGO,Peak,9587,2408,5
R1616,P1716,938,12,Flash Sale,Off-Season,8174,1917,19
R1617,P1717,369,25,Flash Sale,Holiday,6114,1791,22
R1618,P1718,745,17,BOGO,Peak,5662,3988,5
R1619,P1719,613,16,Discount,Peak,5326,4154,15
R1620,P1720,450,20,Flash Sale,Holiday,5335,1028,27
R1621,P1721,958,5,Flash Sale,Peak,9281,3824,6
R1622,P1722,980,17,Discount,Off-Season,9648,2480,5
R1623,P1723,340,11,Flash Sale,Peak,6494,3439,16
R1624,P1724,473,9,Flash Sale,Peak,9536,1829,20
R1625,P1725,615,12,Discount,Holiday,3711,1733,26
R1626,P1726,807,29,Discount,Peak,8595,2253,26
R1627,P1727,938,18,Coupon,Peak,7273,3300,14
R1628,P1728,238,27,BOGO,Off-Season,7284,3433,22
R1629,P1729,228,17,BOGO,Holiday,9817,3259,19
R1630,P1730,676,19,Discount,Holiday,4994,3275,21
R1631,P1731,517,27,Discount,Off-Season,2678,3987,14
R1632,P1732,444,21,Flash Sale,Peak,9414,4350,7
R1633,P1733,947,19,Coupon,Holiday,1743,3027,25
R1634,P1734,896,24,Coupon,Holiday,1462,1390,20
R1635,P1735,471,22,Discount,Peak,2568,2565,10
R1636,P1736,639,22,Flash Sale,Peak,2736,1688,7
R1637,P1737,947,6,Flash Sale,Holiday,8903,4797,13
R1638,P1738,438,8,BOGO,Peak,8002,1240,15
R1639,P1739,576,5,BOGO,Holiday,9856,1869,25
R1640,P1740,465,8,Flash Sale,Peak,2356,1889,17
R1641,P1741,558,22,BOGO,Peak,2014,2500,22
R1642,P1742,539,9,Discount,Off-Season,2054,1971,26
R1643,P1743,588,23,Flash Sale,Peak,2764,2036,28
R1644,P1744,776,19,BOGO,Off-Season,7009,818,26
R1645,P1745,888,12,Coupon,Peak,5458,2764,8
R1646,P1746,202,24,Flash Sale,Holiday,1667,2394,26
R1647,P1747,628,21,Flash Sale,Holiday,4370,4211,28
R1648,P1748,341,5,Coupon,Peak,6976,3322,12
R1649,P1749,575,16,Discount,Peak,2394,1775,17
R1650,P1750,869,23,Coupon,Holiday,9290,3583,14
R1651,P1751,523,19,Flash Sale,Peak,5070,900,6
R1652,P1752,345,13,Discount,Off-Season,7982,1223,12
R1653,P1753,492,11,BOGO,Off-Season,9613,2829,10
R1654,P1754,864,6,BOGO,Off-Season,6599,1635,20
R1655,P1755,631,13,BOGO,Off-Season,4650,3270,22
R1656,P1756,904,14,Flash Sale,Off-Season,4620,767,21
R1657,P1757,784,6,Coupon,Peak,4190,1069,10
R1658,P1758,598,23,Discount,Peak,9789,3056,17
R1659,P1759,543,15,BOGO,Off-Season,1391,2473,27
R1660,P1760,339,17,Discount,Peak,2075,1045,18
R1661,P1761,386,14,Flash Sale,Peak,3650,3322,25
R1662,P1762,260,18,BOGO,Off-Season,3384,4960,14
R1663,P1763,579,22,Flash Sale,Peak,1809,770,28
R1664,P1764,909,23,Coupon,Peak,9047,1238,15
R1665,P1765,639,26,Flash Sale,Peak,6501,1757,17
R1666,P1766,518,13,Flash Sale,Off-Season,7895,558,16
R1667,P1767,501,29,Coupon,Peak,2159,4681,13
R1668,P1768,543,11,Discount,Holiday,8574,889,8
R1669,P1769,210,7,Coupon,Holiday,2531,1218,11
R1670,P1770,261,24,Coupon,Off-Season,6481,4744,28
R1671,P1771,425,10,Flash Sale,Holiday,8548,620,26
R1672,P1772,352,25,Discount,Off-Season,5976,3152,6
R1673,P1773,910,6,BOGO,Holiday,6695,2803,11
R1674,P1774,763,10,Coupon,Holiday,9445,3411,13
R1675,P1775,971,7,Discount,Holiday,4548,1299,9
R1676,P1776,770,20,Coupon,Off-Season,7163,3880,19
R1677,P1777,783,12,Coupon,Off-Season,7671,2606,22
R1678,P1778,859,6,Coupon,Peak,6264,1609,8
R1679,P1779,774,21,Coupon,Off-Season,2231,1750,23
R1680,P1780,509,13,Flash Sale,Holiday,3423,3140,24
R1681,P1781,442,16,Discount,Holiday,9071,2149,11
R1682,P1782,692,7,Discount,Off-Season,5261,1845,12
R1683,P1783,565,15,Discount,Off-Season,3908,3456,21
R1684,P1784,529,5,Coupon,Off-Season,5712,2946,17
R1685,P1785,306,27,Flash Sale,Peak,7755,3864,28
R1686,P1786,425,17,Coupon,Holiday,4883,984,25
R1687,P1787,417,19,Coupon,Peak,4515,1302,27
R1688,P1788,952,9,Discount,Peak,4403,2215,15
R1689,P1789,705,25,Coupon,Holiday,5598,2415,5
R1690,P1790,458,21,BOGO,Holiday,6008,3983,6
R1691,P1791,973,29,Coupon,Off-Season,7222,2257,21
R1692,P1792,716,27,BOGO,Off-Season,5009,2309,9
R1693,P1793,972,28,Coupon,Peak,3735,3507,10
R1694,P1794,253,29,Flash Sale,Off-Season,5491,3725,29
R1695,P1795,246,10,Flash Sale,Off-Season,9593,3995,28
R1696,P1796,926,25,Discount,Holiday,1974,2820,11
R1697,P1797,888,26,Coupon,Holiday,1223,2170,25
R1698,P1798,720,15,BOGO,Off-Season,5613,1651,19
R1699,P1799,298,22,BOGO,Holiday,7777,2723,23
R1700,P1800,219,8,Coupon,Off-Season,9427,3167,20
R1701,P1801,952,7,BOGO,Holiday,5211,710,29
R1702,P1802,772,17,Flash Sale,Holiday,1225,2994,17
R1703,P1803,689,27,BOGO,Holiday,9183,4762,9
R1704,P1804,618,13,Discount,Holiday,5277,3007,7
R1705,P1805,889,25,Flash Sale,Off-Season,2341,3463,7
R1706,P1806,261,10,Flash Sale,Peak,5036,3928,23
R1707,P1807,344,16,Flash Sale,Holiday,9401,3875,18
R1708,P1808,415,6,Coupon,Off-Season,4727,4455,20
R1709,P1809,202,7,Coupon,Off-Season,4928,4205,26
R1710,P1810,359,7,Flash Sale,Holiday,3803,3905,21
R1711,P1811,938,16,Coupon,Peak,7558,4538,8
R1712,P1812,980,19,BOGO,Holiday,1393,1552,17
R1713,P1813,319,13,Coupon,Off-Season,7839,1213,12
R1714,P1814,288,27,Coupon,Peak,9795,3388,23
R1715,P1815,528,12,Flash Sale,Off-Season,1581,1187,9
R1716,P1816,779,15,Discount,Holiday,1132,829,6
R1717,P1817,556,20,Discount,Peak,3838,2246,19
R1718,P1818,809,29,Discount,Off-Season,4385,1707,6
R1719,P1819,466,26,BOGO,Off-Season,4770,2642,15
R1720,P1820,816,8,Coupon,Off-Season,3268,1284,17
R1721,P1821,522,5,Discount,Holiday,1975,3196,27
R1722,P1822,834,28,Flash Sale,Peak,8605,4320,14
R1723,P1823,740,11,Discount,Holiday,8213,4218,7
R1724,P1824,848,6,Discount,Holiday,3835,3193,9
R1725,P1825,394,28,Coupon,Holiday,3738,1125,7
R1726,P1826,937,9,Coupon,Peak,5134,4734,10
R1727,P1827,531,11,Coupon,Holiday,7833,4208,17
R1728,P1828,369,8,BOGO,Holiday,9353,1261,14
R1729,P1829,720,9,BOGO,Holiday,2909,4479,23
R1730,P1830,662,28,Discount,Holiday,2963,4029,12
R1731,P1831,239,5,Coupon,Off-Season,6153,2055,22
R1732,P1832,736,5,Discount,Holiday,1966,4133,7
R1733,P1833,460,19,Flash Sale,Off-Season,1889,1175,28
R1734,P1834,594,24,Flash Sale,Holiday,4061,4687,28
R1735,P1835,425,23,Coupon,Peak,7461,536,21
R1736,P1836,323,14,Coupon,Off-Season,7166,4336,12
R1737,P1837,237,22,Flash Sale,Off-Season,7967,2287,14
R1738,P1838,527,7,Coupon,Off-Season,9101,3227,6
R1739,P1839,450,15,BOGO,Off-Season,8379,4380,16
R1740,P1840,375,19,BOGO,Peak,8280,2394,27
R1741,P1841,801,15,Coupon,Holiday,2067,636,10
R1742,P1842,653,21,Flash Sale,Off-Season,5223,3576,6
R1743,P1843,236,21,Discount,Peak,5607,4383,25
R1744,P1844,515,10,Coupon,Off-Season,4985,1161,27
R1745,P1845,887,9,Coupon,Holiday,4179,2310,28
R1746,P1846,995,12,Discount,Off-Season,5538,914,7
R1747,P1847,792,6,Coupon,Peak,3362,842,21
R1748,P1848,313,20,Discount,Holiday,3224,3229,11
R1749,P1849,239,24,Flash Sale,Peak,7371,3950,25
R1750,P1850,500,28,BOGO,Holiday,2726,4165,9
R1751,P1851,423,16,Flash Sale,Holiday,6791,4237,27
R1752,P1852,517,10,BOGO,Holiday,9073,4397,5
R1753,P1853,548,5,Discount,Off-Season,9458,4741,12
R1754,P1854,314,8,BOGO,Peak,8013,4918,16
R1755,P1855,897,21,Flash Sale,Peak,1837,2669,18
R1756,P1856,522,17,BOGO,Peak,5584,2378,20
R1757,P1857,767,22,Discount,Holiday,1686,4470,14
R1758,P1858,239,9,BOGO,Off-Season,1356,3117,19
R1759,P1859,239,28,Coupon,Holiday,5647,2015,25
R1760,P1860,948,28,Flash Sale,Peak,5418,1074,28
R1761,P1861,488,7,Coupon,Off-Season,7642,4942,19
R1762,P1862,461,15,Discount,Off-Season,4391,3367,14
R1763,P1863,415,17,BOGO,Off-Season,5357,4044,25
R1764,P1864,346,8,Coupon,Peak,5879,4977,11
R1765,P1865,535,18,Coupon,Off-Season,6319,571,7
R1766,P1866,367,26,BOGO,Off-Season,3739,3068,6
R1767,P1867,291,15,BOGO,Holiday,5784,3937,10
R1768,P1868,552,14,Flash Sale,Holiday,1877,3480,25
R1769,P1869,770,23,Coupon,Off-Season,3870,1617,13
R1770,P1870,770,22,Coupon,Off-Season,1292,2886,14
R1771,P1871,880,10,Discount,Holiday,9728,4008,8
R1772,P1872,980,19,Flash Sale,Holiday,3686,1859,7
R1773,P1873,562,25,Discount,Holiday,1233,2015,13
R1774,P1874,756,14,Coupon,Peak,3374,539,28
R1775,P1875,544,9,Discount,Peak,3272,1882,26
R1776,P1876,892,9,Coupon,Holiday,1966,2530,21
R1777,P1877,369,14,Coupon,Off-Season,1889,3121,18
R1778,P1878,555,9,Discount,Holiday,4863,2400,14
R1779,P1879,390,7,Discount,Peak,7154,2717,17
R1780,P1880,866,27,BOGO,Off-Season,4400,1783,16
R1781,P1881,621,10,BOGO,Peak,9226,1083,5
R1782,P1882,899,8,BOGO,Off-Season,5542,958,26
R1783,P1883,206,22,Coupon,Peak,4523,2765,23
R1784,P1884,332,13,Discount,Off-Season,2763,3166,23
R1785,P1885,946,21,Flash Sale,Off-Season,4291,1315,10
R1786,P1886,756,17,Coupon,Off-Season,3488,3011,17
R1787,P1887,960,19,Flash Sale,Off-Season,2558,746,23
R1788,P1888,230,24,Discount,Peak,5690,916,17
R1789,P1889,734,21,Coupon,Peak,7121,4963,26
R1790,P1890,625,17,Flash Sale,Off-Season,3276,4217,25
R1791,P1891,593,20,Flash Sale,Off-Season,5439,607,8
R1792,P1892,871,26,BOGO,Peak,2103,3131,28
R1793,P1893,562,8,BOGO,Off-Season,8520,1338,6
R1794,P1894,636,9,BOGO,Off-Season,6409,1921,19
R1795,P1895,869,9,Coupon,Off-Season,8869,4412,16
R1796,P1896,750,13,Discount,Holiday,3956,755,11
R1797,P1897,281,21,Discount,Off-Season,8710,3327,24
R1798,P1898,555,17,BOGO,Holiday,7017,1337,22
R1799,P1899,457,6,BOGO,Off-Season,4384,3462,27
R1800,P1900,917,17,BOGO,Peak,1028,2782,17
R1801,P1901,788,26,Flash Sale,Holiday,9897,1052,21
R1802,P1902,723,25,BOGO,Holiday,8756,680,8
R1803,P1903,494,27,Flash Sale,Off-Season,7948,4752,29
R1804,P1904,423,23,Discount,Off-Season,6755,1977,18
R1805,P1905,724,7,Coupon,Holiday,4602,1070,24
R1806,P1906,245,14,Coupon,Peak,6062,2227,17
R1807,P1907,866,6,Coupon,Peak,9071,1091,7
R1808,P1908,312,17,Coupon,Off-Season,8244,2760,22
R1809,P1909,432,23,Flash Sale,Peak,7372,3447,18
R1810,P1910,216,21,Flash Sale,Peak,8105,847,19
R1811,P1911,559,25,BOGO,Off-Season,4581,665,7
R1812,P1912,422,18,Flash Sale,Peak,3762,4943,5
R1813,P1913,899,16,BOGO,Off-Season,1572,3396,28
R1814,P1914,647,25,BOGO,Holiday,8705,4993,21
R1815,P1915,564,16,Coupon,Off-Season,1614,1082,7
R1816,P1916,874,15,Flash Sale,Holiday,5050,4006,18
R1817,P1917,525,11,Flash Sale,Holiday,1325,4903,7
R1818,P1918,666,8,BOGO,Peak,4740,3538,17
R1819,P1919,613,23,BOGO,Peak,1358,3345,19
R1820,P1920,654,5,Discount,Peak,4777,3266,22
R1821,P1921,785,28,Discount,Off-Season,6906,4694,18
R1822,P1922,432,7,BOGO,Peak,2721,1765,25
R1823,P1923,423,17,Discount,Holiday,2349,4753,7
R1824,P1924,611,19,Discount,Peak,4696,3467,23
R1825,P1925,771,6,BOGO,Peak,4896,2774,12
R1826,P1926,534,15,BOGO,Off-Season,5260,2970,8
R1827,P1927,421,8,Flash Sale,Off-Season,7941,2790,8
R1828,P1928,236,23,BOGO,Holiday,4808,3077,23
R1829,P1929,477,21,BOGO,Off-Season,6246,4160,15
R1830,P1930,395,7,Coupon,Peak,9384,1568,5
R1831,P1931,683,22,Flash Sale,Off-Season,4845,3236,12
R1832,P1932,441,12,Flash Sale,Holiday,3577,2450,19
R1833,P1933,523,26,Flash Sale,Peak,1091,591,5
R1834,P1934,930,29,Coupon,Holiday,5234,3593,11
R1835,P1935,391,28,BOGO,Off-Season,9672,2719,25
R1836,P1936,216,23,Flash Sale,Off-Season,7592,1887,24
R1837,P1937,723,9,Flash Sale,Holiday,9128,4774,24
R1838,P1938,600,11,Discount,Peak,2075,2785,28
R1839,P1939,904,25,Flash Sale,Off-Season,3513,3706,15
R1840,P1940,221,12,BOGO,Off-Season,9168,3424,18
R1841,P1941,673,9,BOGO,Peak,7861,779,26
R1842,P1942,319,21,Discount,Off-Season,9990,2118,20
R1843,P1943,409,9,Flash Sale,Holiday,1604,3287,18
R1844,P1944,505,8,Flash Sale,Off-Season,3979,870,16
R1845,P1945,469,26,Flash Sale,Off-Season,8140,3683,21
R1846,P1946,903,23,Coupon,Peak,8065,4334,18
R1847,P1947,886,25,Flash Sale,Holiday,5916,2203,14
R1848,P1948,484,6,BOGO,Peak,7800,2768,28
R1849,P1949,915,15,BOGO,Off-Season,1597,803,18
R1850,P1950,875,26,Coupon,Off-Season,8320,4274,22
R1851,P1951,962,17,Coupon,Peak,9705,1848,26
R1852,P1952,426,19,Flash Sale,Peak,6622,2922,13
R1853,P1953,580,16,Discount,Peak,2877,4128,21
R1854,P1954,659,26,Coupon,Holiday,2699,2928,10
R1855,P1955,206,25,Coupon,Off-Season,6780,3533,12
R1856,P1956,228,26,Flash Sale,Peak,1716,1168,17
R1857,P1957,232,15,Flash Sale,Off-Season,5086,999,22
R1858,P1958,845,11,Coupon,Holiday,1665,1914,9
R1859,P1959,278,9,Discount,Holiday,8846,1029,10
R1860,P1960,658,21,Coupon,Holiday,7611,4121,25
R1861,P1961,769,28,Flash Sale,Holiday,2079,3956,23
R1862,P1962,737,24,Flash Sale,Off-Season,9419,1254,8
R1863,P1963,681,13,Coupon,Holiday,9340,2847,11
R1864,P1964,629,18,Discount,Holiday,2069,1226,8
R1865,P1965,937,16,Coupon,Peak,6263,3149,29
R1866,P1966,484,10,Coupon,Holiday,8951,2546,15
R1867,P1967,715,21,Flash Sale,Peak,2363,3315,16
R1868,P1968,298,23,Discount,Holiday,5508,1374,18
R1869,P1969,596,23,BOGO,Holiday,2755,3779,17
R1870,P1970,688,20,Discount,Peak,1519,3484,14
R1871,P1971,238,16,Coupon,Holiday,6463,2678,22
R1872,P1972,470,16,Coupon,Off-Season,8233,4307,20
R1873,P1973,996,24,Coupon,Off-Season,2102,1107,9
R1874,P1974,356,10,Discount,Holiday,1597,1134,12
R1875,P1975,274,27,Flash Sale,Off-Season,4273,3227,18
R1876,P1976,999,8,Coupon,Peak,6781,1574,9
R1877,P1977,329,10,Coupon,Holiday,7256,2414,28
R1878,P1978,886,15,Discount,Holiday,8258,1088,12
R1879,P1979,283,5,BOGO,Peak,9780,3731,29
R1880,P1980,221,28,BOGO,Peak,7554,2804,10
R1881,P1981,658,27,Flash Sale,Peak,9002,4338,20
R1882,P1982,738,19,Flash Sale,Holiday,5846,2473,8
R1883,P1983,906,15,Coupon,Peak,5798,2555,16
R1884,P1984,581,29,Discount,Peak,7605,3980,15
R1885,P1985,947,23,Coupon,Off-Season,3986,2579,7
R1886,P1986,639,22,Flash Sale,Off-Season,1400,3552,16
R1887,P1987,803,21,Discount,Holiday,3855,4982,9
R1888,P1988,220,23,Discount,Off-Season,4412,1751,10
R1889,P1989,502,25,Flash Sale,Off-Season,1056,4295,23
R1890,P1990,283,18,BOGO,Peak,9022,4322,22
R1891,P1991,973,22,BOGO,Peak,2875,4802,20
R1892,P1992,858,23,Discount,Off-Season,5543,3889,27
R1893,P1993,652,19,Coupon,Off-Season,5298,2280,15
R1894,P1994,586,19,BOGO,Off-Season,4768,3104,9
R1895,P1995,706,8,Coupon,Holiday,6752,4188,13
R1896,P1996,456,11,BOGO,Holiday,5833,2224,7
R1897,P1997,769,17,BOGO,Holiday,2353,3284,12
R1898,P1998,726,7,Coupon,Off-Season,5987,4219,10
R1899,P1999,361,20,Flash Sale,Off-Season,7597,2177,8
R1900,P2000,362,13,BOGO,Holiday,5311,948,16
R1901,P2001,992,12,BOGO,Holiday,3934,581,16
R1902,P2002,991,24,Coupon,Off-Season,1022,1906,29
R1903,P2003,723,17,Flash Sale,Peak,2209,1980,25
R1904,P2004,985,21,BOGO,Holiday,9940,1579,20
R1905,P2005,470,21,BOGO,Off-Season,1804,4098,14
R1906,P2006,691,21,Flash Sale,Off-Season,9325,4683,26
R1907,P2007,407,5,BOGO,Peak,5416,4180,18
R1908,P2008,738,12,Flash Sale,Off-Season,9625,3203,17
R1909,P2009,783,23,Flash Sale,Off-Season,6141,4810,13
R1910,P2010,259,10,Coupon,Holiday,5968,4256,11
R1911,P2011,629,7,Discount,Holiday,4671,2258,16
R1912,P2012,856,9,Flash Sale,Peak,8292,3099,9
R1913,P2013,804,17,Coupon,Peak,8001,3050,22
R1914,P2014,508,19,Discount,Off-Season,3098,4353,8
R1915,P2015,719,18,BOGO,Holiday,9444,3246,6
R1916,P2016,790,27,Discount,Peak,6061,2792,7
R1917,P2017,226,20,Flash Sale,Peak,4264,2001,16
R1918,P2018,885,22,Flash Sale,Peak,6435,4904,7
R1919,P2019,761,26,Flash Sale,Off-Season,9493,730,8
R1920,P2020,398,26,Flash Sale,Holiday,7691,4750,10
R1921,P2021,586,15,Flash Sale,Peak,3763,1698,16
R1922,P2022,548,7,Coupon,Holiday,5005,614,23
R1923,P2023,892,26,Flash Sale,Peak,4241,1913,14
R1924,P2024,735,14,Coupon,Peak,4057,4906,5
R1925,P2025,577,14,BOGO,Holiday,1550,1492,21
R1926,P2026,757,25,Flash Sale,Holiday,6574,2847,20
R1927,P2027,726,20,Flash Sale,Holiday,6411,1541,13
R1928,P2028,352,16,Discount,Off-Season,2587,511,29
R1929,P2029,933,6,BOGO,Peak,6920,4176,25
R1930,P2030,405,13,Flash Sale,Off-Season,6260,3565,13
R1931,P2031,654,28,Flash Sale,Holiday,5409,2536,27
R1932,P2032,472,7,BOGO,Peak,6783,3546,13
R1933,P2033,435,28,Coupon,Off-Season,1712,2850,16
R1934,P2034,939,29,Flash Sale,Peak,6406,1040,27
R1935,P2035,720,19,Discount,Off-Season,8990,3360,13
R1936,P2036,877,7,Flash Sale,Holiday,8420,576,19
R1937,P2037,925,23,Discount,Off-Season,7843,3567,6
R1938,P2038,700,22,Discount,Peak,3433,523,15
R1939,P2039,316,12,Flash Sale,Peak,4301,1175,15
R1940,P2040,585,21,Flash Sale,Peak,1270,2894,12
R1941,P2041,543,12,Discount,Peak,2079,4767,27
R1942,P2042,783,11,BOGO,Holiday,6322,3898,10
R1943,P2043,594,11,BOGO,Off-Season,9795,3259,25
R1944,P2044,263,7,Flash Sale,Holiday,6257,988,24
R1945,P2045,916,5,Coupon,Holiday,8982,1985,11
R1946,P2046,920,8,BOGO,Holiday,7214,4159,7
R1947,P2047,271,29,Flash Sale,Peak,6006,3735,12
R1948,P2048,988,9,BOGO,Peak,4985,2919,22
R1949,P2049,473,5,Coupon,Peak,9791,3995,21
R1950,P2050,519,19,Flash Sale,Off-Season,9705,1256,15
R1951,P2051,537,9,Coupon,Peak,6991,3024,6
R1952,P2052,565,17,Flash Sale,Off-Season,7227,4750,29
R1953,P2053,694,12,Coupon,Peak,8833,756,25
R1954,P2054,806,12,BOGO,Peak,3886,2279,28
R1955,P2055,365,9,BOGO,Holiday,3653,2615,23
R1956,P2056,743,13,Coupon,Holiday,5864,3848,11
R1957,P2057,210,5,Coupon,Holiday,3514,1972,22
R1958,P2058,500,8,Coupon,Off-Season,4969,758,12
R1959,P2059,928,7,Flash Sale,Off-Season,4284,4575,18
R1960,P2060,301,6,BOGO,Peak,8740,806,11
R1961,P2061,624,12,Flash Sale,Off-Season,5566,1618,25
R1962,P2062,591,27,BOGO,Peak,3196,3517,8
R1963,P2063,978,13,Discount,Off-Season,1789,4841,21
R1964,P2064,413,6,Flash Sale,Off-Season,4475,3280,9
R1965,P2065,890,18,BOGO,Off-Season,2309,2158,16
R1966,P2066,287,18,BOGO,Holiday,1864,686,13
R1967,P2067,752,8,Flash Sale,Off-Season,6389,2297,24
R1968,P2068,600,10,Flash Sale,Holiday,4363,1424,17
R1969,P2069,787,15,BOGO,Holiday,9215,1284,29
R1970,P2070,245,7,Flash Sale,Off-Season,4003,3944,22
R1971,P2071,871,12,Coupon,Peak,9502,3696,24
R1972,P2072,662,7,Flash Sale,Peak,2231,1860,13
R1973,P2073,791,18,Flash Sale,Peak,8959,840,8
R1974,P2074,509,17,Flash Sale,Off-Season,3711,1062,25
R1975,P2075,285,17,BOGO,Peak,7581,3499,12
R1976,P2076,291,6,Coupon,Holiday,8705,1693,5
R1977,P2077,859,17,Discount,Peak,1421,3610,21
R1978,P2078,872,23,Discount,Off-Season,1946,568,29
R1979,P2079,913,10,Coupon,Peak,2834,2928,13
R1980,P2080,441,20,Coupon,Holiday,2564,4098,24
R1981,P2081,201,6,Coupon,Off-Season,8332,2872,17
R1982,P2082,424,12,BOGO,Peak,5944,1343,6
R1983,P2083,944,21,Discount,Off-Season,2308,1073,17
R1984,P2084,788,27,Coupon,Off-Season,3986,4714,13
R1985,P2085,315,6,BOGO,Off-Season,1386,3096,24
R1986,P2086,865,14,Discount,Peak,7131,1978,10
R1987,P2087,302,20,Flash Sale,Off-Season,4258,2573,5
R1988,P2088,393,10,BOGO,Peak,7121,2013,29
R1989,P2089,365,6,Discount,Holiday,5811,1468,9
R1990,P2090,289,6,BOGO,Peak,7574,2696,7
R1991,P2091,885,17,Discount,Holiday,7697,2011,8
R1992,P2092,321,28,Discount,Peak,4933,1154,5
R1993,P2093,342,19,Flash Sale,Off-Season,2439,3492,18
R1994,P2094,305,6,BOGO,Peak,7169,792,13
R1995,P2095,627,11,Coupon,Off-Season,5480,3101,28
R1996,P2096,504,7,Flash Sale,Holiday,1055,4912,8
R1997,P2097,516,12,Flash Sale,Peak,4324,4993,22
R1998,P2098,834,27,Discount,Off-Season,7777,2088,18
R1999,P2099,208,18,Coupon,Holiday,1105,1095,29
R2000,P2100,973,28,BOGO,Holiday,4201,3093,8
